avaliacoes_fim_intervalo,fracao_pioras_aceitas
601,0.778182
1101,0.826241
1601,0.846154
2101,0.834586
2601,0.782443
3101,0.833935
3601,0.803448
4101,0.749104
4601,0.776062
5101,0.815789
5601,0.740614
6101,0.819788
6601,0.835165
7101,0.850909
7601,0.799270
8101,0.807692
8601,0.829181
9101,0.810409
9601,0.829091
10101,0.889286
10601,0.764925
11101,0.793478
11601,0.800676
12101,0.846154
12601,0.818182
13101,0.773050
13601,0.818505
14101,0.754647
14601,0.820144
15101,0.821168
15601,0.780220
16101,0.821918
16601,0.749117
17101,0.800000
17601,0.770909
18101,0.750890
18601,0.818841
19101,0.780919
19601,0.790614
20101,0.756458
20601,0.786477
21101,0.757679
21601,0.798635
22101,0.789855
22601,0.787004
23101,0.788321
23601,0.826568
24101,0.752688
24601,0.824627
25101,0.801498
25601,0.728223
26101,0.761404
26601,0.702128
27101,0.777003
27601,0.756098
28101,0.796364
28601,0.750890
29101,0.742373
29601,0.769231
30101,0.770073
30601,0.756849
31101,0.782288
31601,0.760563
32101,0.773852
32601,0.745520
33101,0.791519
33601,0.722603
34101,0.732639
34601,0.800687
35101,0.770318
35601,0.723404
36101,0.682927
36601,0.748252
37101,0.743151
37601,0.748201
38101,0.735192
38601,0.742958
39101,0.722222
39601,0.746667
40101,0.798611
40601,0.767025
41101,0.716216
41601,0.734694
42101,0.679443
42601,0.733564
43101,0.735915
43601,0.697987
44101,0.714286
44601,0.756364
45101,0.698246
45601,0.685430
46101,0.718412
46601,0.678571
47101,0.681672
47601,0.720690
48101,0.774306
48601,0.717241
49101,0.724382
49601,0.774086
50101,0.679868
50601,0.748322
51101,0.735099
51601,0.670068
52101,0.671329
52601,0.667763
53101,0.681063
53601,0.722034
54101,0.704626
54601,0.734982
55101,0.689320
55601,0.696970
56101,0.750877
56601,0.649007
57101,0.695502
57601,0.713805
58101,0.656566
58601,0.671280
59101,0.639073
59601,0.728814
60101,0.617363
60601,0.687075
61101,0.675768
61601,0.693603
62101,0.697917
62601,0.648208
63101,0.678930
63601,0.728522
64101,0.660194
64601,0.698305
65101,0.714286
65601,0.679868
66101,0.636364
66601,0.671186
67101,0.677966
67601,0.653061
68101,0.708475
68601,0.625000
69101,0.682848
69601,0.662252
70101,0.757679
70601,0.646048
71101,0.687500
71601,0.684932
72101,0.574132
72601,0.639498
73101,0.608563
73601,0.615385
74101,0.614148
74601,0.720395
75101,0.644518
75601,0.665595
76101,0.605351
76601,0.643791
77101,0.640000
77601,0.593060
78101,0.620130
78601,0.647249
79101,0.642140
79601,0.626623
80101,0.569132
80601,0.628763
81101,0.640264
81601,0.633758
82101,0.591772
82601,0.595395
83101,0.594771
83601,0.613861
84101,0.635514
84601,0.641026
85101,0.614650
85601,0.570968
86101,0.596154
86601,0.636364
87101,0.690476
87601,0.642140
88101,0.620000
88601,0.557994
89101,0.568254
89601,0.590164
90101,0.617363
90601,0.573209
91101,0.630094
91601,0.563077
92101,0.575000
92601,0.558360
93101,0.584158
93601,0.559375
94101,0.641196
94601,0.531447
95101,0.638298
95601,0.606154
96101,0.504505
96601,0.515432
97101,0.508982
97601,0.629747
98101,0.604502
98601,0.542763
99101,0.588050
99601,0.605863
100101,0.556923
100601,0.572308
101101,0.591503
101601,0.498433
102101,0.615152
102601,0.542683
103101,0.603774
103601,0.577508
104101,0.551515
104601,0.545994
105101,0.571006
105601,0.513595
106101,0.541284
106601,0.514563
107101,0.507987
107601,0.500000
108101,0.512658
108601,0.531157
109101,0.573668
109601,0.541284
110101,0.553191
110601,0.522013
111101,0.534535
111601,0.514019
112101,0.538690
112601,0.551205
113101,0.539157
113601,0.506061
114101,0.429412
114601,0.483384
115101,0.478659
115601,0.428571
116101,0.436578
116601,0.533742
117101,0.511905
117601,0.505988
118101,0.480597
118601,0.492669
119101,0.451039
119601,0.546269
120101,0.549689
120601,0.426901
121101,0.444767
121601,0.486647
122101,0.518841
122601,0.485380
123101,0.492537
123601,0.479290
124101,0.541916
124601,0.424855
125101,0.455357
125601,0.489362
126101,0.463855
126601,0.469388
127101,0.475645
127601,0.464072
128101,0.538244
128601,0.471976
129101,0.476331
129601,0.513433
130101,0.525526
130601,0.452663
131101,0.456716
131601,0.434783
132101,0.495413
132601,0.496894
133101,0.418605
133601,0.527439
134101,0.401130
134601,0.422969
135101,0.402899
135601,0.365439
136101,0.396122
136601,0.410920
137101,0.445355
137601,0.532934
138101,0.447293
138601,0.411268
139101,0.447977
139601,0.395415
140101,0.417614
140601,0.447059
141101,0.402235
141601,0.376022
142101,0.403270
142601,0.420455
143101,0.387187
143601,0.390935
144101,0.406433
144601,0.364162
145101,0.408284
145601,0.327078
146101,0.367403
146601,0.410256
147101,0.371105
147601,0.297814
148101,0.390710
148601,0.414835
149101,0.375350
149601,0.371105
150101,0.449153
150601,0.354571
151101,0.343164
151601,0.389041
152101,0.344538
152601,0.359890
153101,0.354223
153601,0.368280
154101,0.350133
154601,0.384824
155101,0.323607
155601,0.382271
156101,0.292308
156601,0.329700
157101,0.378453
157601,0.337802
158101,0.373402
158601,0.299213
159101,0.283422
159601,0.291005
160101,0.356757
160601,0.321696
161101,0.347107
161601,0.298201
162101,0.366120
162601,0.315650
163101,0.313984
163601,0.376771
164101,0.283582
164601,0.281984
165101,0.296296
165601,0.311475
166101,0.294872
166601,0.368132
167101,0.321149
167601,0.345455
168101,0.329815
168601,0.386555
169101,0.326027
169601,0.346154
170101,0.317333
170601,0.284960
171101,0.317380
171601,0.284635
172101,0.195000
172601,0.360526
173101,0.296703
173601,0.317829
174101,0.274074
174601,0.314961
175101,0.243781
175601,0.257653
176101,0.251816
176601,0.210269
177101,0.283505
177601,0.255639
178101,0.259446
178601,0.319035
179101,0.275510
179601,0.259640
180101,0.260982
180601,0.293814
181101,0.333333
181601,0.261658
182101,0.221662
182601,0.243038
183101,0.236504
183601,0.230576
184101,0.234597
184601,0.204030
185101,0.167816
185601,0.284314
186101,0.224939
186601,0.194581
187101,0.198113
187601,0.228643
188101,0.227723
188601,0.255000
189101,0.235149
189601,0.281726
190101,0.264059
190601,0.228856
191101,0.254950
191601,0.197619
192101,0.232843
192601,0.250627
193101,0.272727
193601,0.256158
194101,0.249370
194601,0.224880
195101,0.195122
195601,0.181598
196101,0.209906
196601,0.223039
197101,0.186893
197601,0.198529
198101,0.209135
198601,0.225000
199101,0.189448
199601,0.191244
200101,0.138824
200601,0.229829
201101,0.212560
201601,0.189526
202101,0.170616
202601,0.167453
203101,0.162528
203601,0.215686
204101,0.218978
204601,0.220551
205101,0.178049
205601,0.174528
206101,0.144522
206601,0.197590
207101,0.164760
207601,0.164760
208101,0.197619
208601,0.190024
209101,0.186321
209601,0.143187
210101,0.190361
210601,0.184019
211101,0.166271
211601,0.188544
212101,0.141509
212601,0.207637
213101,0.174014
213601,0.200957
214101,0.229665
214601,0.189448
215101,0.191388
215601,0.148649
216101,0.180095
216601,0.143836
217101,0.128505
217601,0.140940
218101,0.145833
218601,0.109131
219101,0.129930
219601,0.130536
220101,0.141907
220601,0.147971
221101,0.175947
221601,0.169451
222101,0.168539
222601,0.134831
223101,0.115813
223601,0.119469
224101,0.135556
224601,0.112613
225101,0.132723
225601,0.148064
226101,0.154195
226601,0.139269
227101,0.121076
227601,0.159910
228101,0.142180
228601,0.115646
229101,0.122727
229601,0.136259
230101,0.138702
230601,0.123596
231101,0.136771
231601,0.114219
232101,0.145125
232601,0.100223
233101,0.116071
233601,0.085903
234101,0.142534
234601,0.143519
235101,0.140553
235601,0.133929
236101,0.117257
236601,0.127193
237101,0.107221
237601,0.109131
238101,0.116331
238601,0.121681
239101,0.115207
239601,0.099778
240101,0.135632
240601,0.096703
241101,0.109091
241601,0.125571
242101,0.109375
242601,0.104803
243101,0.089936
243601,0.075758
244101,0.073913
244601,0.114967
245101,0.125858
245601,0.079823
246101,0.075269
246601,0.095023
247101,0.097778
247601,0.084071
248101,0.087146
248601,0.136564
249101,0.129754
249601,0.125828
250101,0.113333
250601,0.081858
251101,0.060086
251601,0.076596
252101,0.097826
252601,0.088937
253101,0.083333
253601,0.115813
254101,0.114943
254601,0.076253
255101,0.081140
255601,0.062907
256101,0.059448
256601,0.084416
257101,0.144766
257601,0.076754
258101,0.065502
258601,0.067834
259101,0.061966
259601,0.052632
260101,0.056962
260601,0.058700
261101,0.077895
261601,0.083512
262101,0.071121
262601,0.085106
263101,0.075107
263601,0.079570
264101,0.115974
264601,0.110390
265101,0.082789
265601,0.080435
266101,0.059829
266601,0.072187
267101,0.057940
267601,0.068085
268101,0.048832
268601,0.050633
269101,0.063830
269601,0.058442
270101,0.083156
270601,0.052743
271101,0.044211
271601,0.089744
272101,0.054622
272601,0.074561
273101,0.061702
273601,0.088745
274101,0.062635
274601,0.049145
275101,0.056367
275601,0.070664
276101,0.054622
276601,0.068966
277101,0.042283
277601,0.035270
278101,0.033264
278601,0.047917
279101,0.048729
279601,0.054737
280101,0.062762
280601,0.046122
281101,0.045929
281601,0.035865
282101,0.052854
282601,0.062112
283101,0.054968
283601,0.048319
284101,0.062893
284601,0.058577
285101,0.058577
285601,0.037578
286101,0.037975
286601,0.043659
287101,0.052083
287601,0.050209
288101,0.026971
288601,0.049485
289101,0.038217
289601,0.040169
290101,0.046122
290601,0.027601
291101,0.026749
291601,0.039175
292101,0.060166
292601,0.031712
293101,0.059197
293601,0.025641
294101,0.035124
294601,0.024845
295101,0.037267
295601,0.026915
296101,0.030864
296601,0.041408
297101,0.031185
297601,0.037037
298101,0.020576
298601,0.037736
299101,0.028571
299601,0.037422
300101,0.052083
300601,0.037113
301101,0.037657
301601,0.035052
302101,0.018595
302601,0.030426
303101,0.043568
303601,0.058091
304101,0.037344
304601,0.045267
305101,0.037344
305601,0.016461
306101,0.012170
306601,0.024490
307101,0.020450
307601,0.022587
308101,0.008214
308601,0.028689
309101,0.033058
309601,0.022449
310101,0.028747
310601,0.033058
311101,0.024590
311601,0.026915
312101,0.039014
312601,0.027254
313101,0.036810
313601,0.029167
314101,0.031120
314601,0.022449
315101,0.026639
315601,0.042105
316101,0.020790
316601,0.020325
317101,0.020408
317601,0.030801
318101,0.039501
318601,0.018557
319101,0.020408
319601,0.010142
320101,0.014286
320601,0.010225
321101,0.018256
321601,0.010163
322101,0.016227
322601,0.016327
323101,0.020325
323601,0.020450
324101,0.024341
324601,0.022727
325101,0.026749
325601,0.039095
326101,0.010183
326601,0.028807
327101,0.014286
327601,0.016327
328101,0.022449
328601,0.012270
329101,0.014141
329601,0.018367
330101,0.026423
330601,0.010288
331101,0.014286
331601,0.032990
332101,0.010183
332601,0.026585
333101,0.020619
333601,0.024440
334101,0.012295
334601,0.010081
335101,0.028513
