avaliacoes,geracao,custo_melhor,custo_medio,custo_pior
100,0,44894.5635,51070.9244,56911.2371
198,1,41759.6006,49361.7931,53709.3069
296,2,41759.6006,48163.3668,52136.1177
394,3,41759.6006,46948.8697,50818.6609
492,4,41759.6006,46018.0291,50552.9338
590,5,40396.4649,44982.8961,49109.0429
688,6,40396.4649,44342.0137,49745.2290
786,7,39000.7580,43405.5250,47130.4068
884,8,37662.8178,42705.9694,48212.0023
982,9,37662.8178,41694.4636,46065.8136
1080,10,37662.8178,40962.9077,44620.2444
1178,11,37662.8178,40449.2123,43839.8378
1276,12,37072.6575,39891.8284,43445.0690
1374,13,36243.9983,39372.8664,43775.3110
1472,14,36034.1951,38777.0500,41453.9581
1570,15,36034.1951,38336.4213,40924.4235
1668,16,35548.9349,37722.5563,39801.6025
1766,17,34876.1894,37535.6724,42189.4124
1864,18,34876.1894,37191.5270,40092.1317
1962,19,33810.9016,36742.8071,40192.6372
2060,20,33423.4047,36388.1312,39299.7326
2158,21,33153.1569,36219.2122,39552.2589
2256,22,33153.1569,35707.8622,39025.4260
2354,23,32567.7382,35463.9980,38420.1297
2452,24,32264.7935,35382.3238,39536.2987
2550,25,31885.2819,35103.4964,38547.2527
2648,26,31885.2819,34774.9616,38935.7839
2746,27,31885.2819,34617.0265,38658.0151
2844,28,31885.2819,34564.2828,39346.4847
2942,29,31429.8375,34276.2980,38791.6777
3040,30,31429.8375,33981.7525,36947.7442
3138,31,31429.8375,33938.2828,38529.1786
3236,32,31429.8375,33888.1095,37281.0197
3334,33,30767.7471,33789.9637,37201.1557
3432,34,30720.5679,33468.1320,38057.2761
3530,35,30351.7356,33262.8765,35883.5367
3628,36,30351.7356,33087.7813,36402.6766
3726,37,30351.7356,33087.2179,36300.7062
3824,38,30351.7356,32952.9693,36619.7265
3922,39,29910.2318,32684.2622,37283.0240
4020,40,29910.2318,32496.4915,35733.7367
4118,41,29883.0770,32072.3452,34473.5646
4216,42,29817.2640,31913.3378,34888.3643
4314,43,28975.3818,31806.1630,35489.5364
4412,44,28975.3818,31766.1138,34555.3569
4510,45,28924.0413,31575.1832,36294.0945
4608,46,28770.5084,31312.1969,34533.4460
4706,47,28770.5084,31194.5835,35395.3846
4804,48,28770.5084,31112.9564,35167.4057
4902,49,28300.9190,30773.9988,34037.3909
5000,50,28300.9190,30796.4766,34341.8215
5098,51,28300.9190,30648.4373,34275.3831
5196,52,28300.9190,30455.5213,34611.2356
5294,53,28300.9190,30196.9915,34475.3976
5392,54,28300.9190,30011.2510,33411.0132
5490,55,28043.8851,29862.9211,33295.1379
5588,56,27918.9276,29716.5167,33587.6065
5686,57,27918.9276,29654.5832,32859.1403
5784,58,27918.9276,29435.3014,31690.9752
5882,59,27405.6094,29200.0220,32327.7875
5980,60,26930.4247,29079.4198,31054.3295
6078,61,26930.4247,29048.4761,32147.4690
6176,62,26930.4247,29086.9731,31608.2799
6274,63,26611.6808,28887.1588,31508.4877
6372,64,26413.2706,28658.6440,32647.7159
6470,65,26403.7270,28684.8185,31872.4393
6568,66,25563.8835,28571.4188,31632.5242
6666,67,25563.8835,28194.8490,30893.8557
6764,68,25263.4175,27901.6749,31085.0749
6862,69,25025.7048,27742.8037,31277.1120
6960,70,25025.7048,27766.6515,30738.3550
7058,71,25009.3276,27501.5664,31197.4778
7156,72,25009.3276,27203.7000,30496.9388
7254,73,24835.4953,27167.2707,30646.0260
7352,74,24835.4953,27027.6622,30298.5123
7450,75,24835.4953,26619.0736,29974.3579
7548,76,24725.3901,26487.3631,30180.6922
7646,77,24725.3901,26210.8777,28277.1857
7744,78,23706.3303,25977.9965,28525.8865
7842,79,23258.5258,25967.1092,28366.9850
7940,80,23258.5258,25837.4168,28661.4906
8038,81,23128.6026,25727.0329,28871.2135
8136,82,23128.6026,25684.7003,28137.8490
8234,83,22854.6754,25386.1037,28339.7497
8332,84,22303.2128,25494.1083,28954.1309
8430,85,22303.2128,25217.7165,27588.6122
8528,86,22303.2128,24970.7176,28951.2741
8626,87,22303.2128,24740.2162,28308.0638
8724,88,22303.2128,24541.9047,27265.9970
8822,89,22074.0705,24294.2387,28963.9050
8920,90,22074.0705,24206.7733,27335.0574
9018,91,21971.2613,23915.2043,26452.6448
9116,92,21971.2613,23738.3366,26846.4396
9214,93,21778.6566,23538.8928,25672.8471
9312,94,21778.6566,23502.9194,27241.7004
9410,95,21778.6566,23295.5707,26273.5001
9508,96,21575.5862,23108.7337,25712.5547
9606,97,21499.4809,23161.6146,26195.3446
9704,98,21499.4809,23048.4994,26309.1069
9802,99,21499.4809,23078.0580,25620.1490
9900,100,21499.4809,23219.4659,25659.8624
9998,101,21499.4809,23261.7245,25852.3515
10096,102,21499.4809,23123.4388,25489.0774
10194,103,21393.5170,23096.3349,25554.0829
10292,104,21393.5170,23290.4406,26150.5506
10390,105,21186.6564,23178.0561,25960.8941
10488,106,21186.6564,23098.5445,26938.1065
10586,107,21186.6564,22904.4715,25180.8207
10684,108,21186.6564,22705.7055,24786.4417
10782,109,21186.6564,22797.9045,25906.6880
10880,110,21186.6564,22720.0756,25174.2777
10978,111,20507.3990,22562.4439,25185.6470
11076,112,20507.3990,22325.0841,25203.9638
11174,113,20507.3990,22265.7803,25161.1628
11272,114,20507.3990,22128.9543,24147.1789
11370,115,20507.3990,22051.0290,24629.4921
11468,116,20490.8189,21960.3436,23865.4836
11566,117,20468.6214,21937.6861,26084.8681
11664,118,20435.8812,21641.2469,23542.5152
11762,119,20316.3301,21830.9486,25181.1367
11860,120,20316.3301,21662.8449,23657.5562
11958,121,20316.3301,21497.6799,23994.9597
12056,122,20140.3670,21311.3933,23801.8664
12154,123,20123.7868,21170.1651,23528.8123
12252,124,20047.6435,20985.0762,23225.1239
12350,125,19953.9206,20982.2330,23675.0163
12448,126,19953.9206,21131.5153,23588.7238
12546,127,19953.9206,21173.8823,23209.1479
12644,128,19824.2648,21100.1972,23695.1460
12742,129,19824.2648,20990.4368,23576.5752
12840,130,19753.5788,21043.8442,23284.2892
12938,131,19634.2501,20960.7525,23246.9143
13036,132,19634.2501,21100.0932,23726.2168
13134,133,19634.2501,21092.2126,23915.8803
13232,134,19634.2501,20861.4933,23457.8311
13330,135,19620.2902,20884.6424,23431.3627
13428,136,19620.2902,20809.8732,23046.3726
13526,137,19620.2902,20748.4088,23065.5571
13624,138,19419.3309,20714.9382,22748.4274
13722,139,19419.3309,20674.3544,22423.3385
13820,140,19384.9869,20727.0554,24180.8903
13918,141,19280.9430,20677.4995,23117.4006
14016,142,19280.9430,20450.0909,23288.3357
14114,143,19172.2484,20458.9501,23163.9109
14212,144,19130.6360,20384.5624,22156.0925
14310,145,19130.6360,20254.2050,22234.9445
14408,146,18922.1321,20124.4008,22809.5718
14506,147,18922.1321,20065.5708,22834.0009
14604,148,18922.1321,20045.7499,22247.3438
14702,149,18767.1087,20128.1588,22257.4343
14800,150,18767.1087,20255.5925,22476.4059
14898,151,18767.1087,20218.9128,22855.3142
14996,152,18767.1087,20157.0429,22676.3842
15094,153,18614.9213,20082.1426,23144.5029
15192,154,18541.1288,20001.8984,22018.8955
15290,155,18541.1288,19967.1412,21894.5906
15388,156,18218.4604,20020.8587,22503.5800
15486,157,18218.4604,20159.1170,22616.0456
15584,158,18218.4604,20119.3970,22229.2510
15682,159,18218.4604,20070.9669,23045.6697
15780,160,18218.4604,20197.5996,22934.0119
15878,161,18218.4604,20211.4354,22528.8075
15976,162,18170.7987,20137.6667,22322.7646
16074,163,18170.7987,19931.6177,22394.6884
16172,164,18170.7987,19936.8407,23053.3000
16270,165,18170.7987,19529.7267,23095.6376
16368,166,18170.7987,19509.4224,22980.2066
16466,167,18098.6628,19358.6827,22259.7639
16564,168,17905.3115,19389.6271,22095.3867
16662,169,17905.3115,19203.2888,21707.4604
16760,170,17793.9130,19058.5046,21353.5599
16858,171,17793.9130,18897.6029,20803.3069
16956,172,17793.9130,18832.9070,20480.2062
17054,173,17793.9130,18993.5003,21330.2211
17152,174,17642.5117,18723.2040,21003.9902
17250,175,17642.5117,18686.3377,21238.1594
17348,176,17528.4258,18600.5701,20912.3685
17446,177,17425.1550,18627.8963,20390.9829
17544,178,17425.1550,18779.3355,20255.9075
17642,179,17425.1550,18795.0051,21280.5395
17740,180,17258.6124,18728.6433,20923.2120
17838,181,17258.6124,18792.3695,21423.2097
17936,182,17136.1337,18803.1060,20534.7385
18034,183,16874.1164,18944.9020,21351.4971
18132,184,16874.1164,18925.4506,22313.1402
18230,185,16741.7242,18740.3696,21813.8882
18328,186,16741.7242,18629.0083,22033.8869
18426,187,16741.7242,18292.6137,20902.5264
18524,188,16741.7242,18210.9886,20641.4161
18622,189,16741.7242,18280.9626,21243.3819
18720,190,16741.7242,18264.8992,21630.3767
18818,191,16716.7560,18281.9222,20565.5480
18916,192,16716.7560,18220.2412,21211.5548
19014,193,16716.7560,18077.1836,20797.0619
19112,194,16705.4786,17994.5200,20225.9635
19210,195,16705.4786,18059.6036,20149.4535
19308,196,16705.4786,18185.9170,20771.4361
19406,197,16700.5031,17927.4846,19714.3614
19504,198,16700.5031,17751.8310,19893.3655
19602,199,16700.5031,17528.7793,19578.1191
19700,200,16641.8756,17341.6269,19107.7628
19798,201,16395.8816,17263.3807,20049.2921
19896,202,16381.5516,17084.1122,18963.3317
19994,203,16381.5516,17032.7430,19802.8973
20092,204,16381.5516,17053.2885,18897.0471
20190,205,16381.5516,17033.0327,19621.2764
20288,206,16100.5498,16944.7595,19414.7295
20386,207,16100.5498,16995.3240,20298.2951
20484,208,16100.5498,17031.3356,19281.9486
20582,209,16100.5498,16962.0105,19209.5260
20680,210,16100.5498,16974.4362,18996.4880
20778,211,16100.5498,16855.5028,18741.5472
20876,212,15973.5161,16951.8080,19085.1557
20974,213,15973.5161,16975.3005,19348.0679
21072,214,15973.5161,16868.9462,18908.4965
21170,215,15917.4344,16924.2095,19901.5415
21268,216,15814.5295,16625.8783,18779.4968
21366,217,15669.8040,16540.3844,19015.8802
21464,218,15669.8040,16551.1634,19517.4428
21562,219,15669.8040,16512.9524,18328.5278
21660,220,15669.8040,16444.5151,18627.6062
21758,221,15656.1926,16349.6800,18160.1948
21856,222,15656.1926,16205.9716,17907.8011
21954,223,15587.3559,16059.2364,18081.7858
22052,224,15543.4552,16046.2274,18322.2869
22150,225,15543.4552,16137.1460,18265.5791
22248,226,15543.4552,16216.4861,18468.1410
22346,227,15543.4552,16158.5337,17801.2382
22444,228,15543.4552,16101.6111,18469.4538
22542,229,15490.2547,16102.9840,18371.9979
22640,230,15391.0893,16169.3541,18389.4720
22738,231,15391.0893,16125.9061,17756.7824
22836,232,15365.7820,16050.1427,18176.0448
22934,233,15324.3397,15997.5803,18398.7184
23032,234,15237.0090,15755.5373,17635.4289
23130,235,15226.7277,15678.5059,17383.2151
23228,236,15211.7017,15599.2055,17248.3278
23326,237,15149.3109,15625.4672,17447.4871
23424,238,15061.9801,15603.2638,17152.3575
23522,239,15022.5987,15512.3069,17937.2392
23620,240,14927.2531,15590.2945,17354.0732
23718,241,14927.2531,15535.7402,17418.1616
23816,242,14752.2243,15422.4366,16823.6954
23914,243,14735.3000,15392.8525,18547.3814
24012,244,14735.3000,15356.3270,17177.4611
24110,245,14735.3000,15254.4991,17481.8501
24208,246,14690.4096,15070.7918,16527.5135
24306,247,14690.4096,15031.2395,16509.1079
24404,248,14690.4096,14902.0396,16499.6097
24502,249,14690.4096,14931.1150,16770.0653
24600,250,14690.4096,14849.7080,16819.2869
24698,251,14690.4096,14865.3352,16800.9416
24796,252,14525.9023,14881.2579,16454.1586
24894,253,14525.9023,14835.9238,16310.9331
24992,254,14525.9023,14777.7021,16619.3690
25090,255,14525.9023,14846.4157,17645.6324
25188,256,14505.6223,14694.5320,16217.3490
25286,257,14505.6223,14689.3317,15808.5517
25384,258,14505.6223,14670.5281,16289.3389
25482,259,14505.6223,14716.0542,16345.6505
25580,260,14499.9425,14710.7218,16852.1662
25678,261,14443.6814,14681.9613,16275.1553
25776,262,14443.6814,14849.5200,16740.1036
25874,263,14377.0767,14754.1556,16970.2523
25972,264,14377.0767,14641.0214,16325.3705
26070,265,14377.0767,14684.5824,16198.5646
26168,266,14315.1358,14637.7568,16035.1541
26266,267,14315.1358,14707.1922,16430.0361
26364,268,14315.1358,14606.3686,16289.2777
26462,269,14315.1358,14570.6894,16426.0519
26560,270,14187.5923,14463.9048,15833.7550
26658,271,14187.5923,14526.1319,16296.7172
26756,272,14077.5185,14495.4487,15861.8266
26854,273,14077.5185,14576.8984,16233.4744
26952,274,14043.4548,14534.0790,17586.2402
27050,275,14043.4548,14690.6469,16305.8695
27148,276,13992.1327,14623.3074,16913.7760
27246,277,13943.2256,14714.5868,17032.8741
27344,278,13943.2256,14677.1353,16853.2263
27442,279,13943.2256,14703.5021,17388.7828
27540,280,13943.2256,14529.4090,16509.3368
27638,281,13935.7492,14616.0900,16746.3627
27736,282,13935.7492,14800.2497,17137.9549
27834,283,13935.7492,14877.0854,17303.4162
27932,284,13892.9892,15011.4277,17210.9198
28030,285,13892.9892,15222.1198,18215.0822
28128,286,13892.9892,15037.3564,17123.0783
28226,287,13892.9892,15286.9518,16964.0582
28324,288,13878.8994,15334.3756,18815.2483
28422,289,13878.8994,15348.0876,17705.1341
28520,290,13878.8994,15256.2401,17633.3958
28618,291,13878.8994,15217.9267,17647.4995
28716,292,13878.8994,15123.9304,17276.0162
28814,293,13833.3850,15184.7011,17506.5630
28912,294,13833.3850,15139.9445,18212.6023
29010,295,13721.3233,15216.4667,18195.5624
29108,296,13685.8982,15174.1815,17620.9514
29206,297,13685.8982,15079.1789,17680.3597
29304,298,13685.8982,14925.6493,17099.8874
29402,299,13685.8982,14861.7233,17318.9451
29500,300,13685.8982,15035.7718,17370.5472
29598,301,13685.8982,15066.5860,17750.8561
29696,302,13685.8982,15112.6606,17824.3973
29794,303,13685.8982,14982.2942,18617.8736
29892,304,13685.8982,14775.1035,17416.6572
29990,305,13685.8982,14724.0525,16988.7689
30088,306,13685.8982,14664.3155,16885.3342
30186,307,13685.8982,14589.9412,17330.3300
30284,308,13682.4585,14773.9793,16844.4025
30382,309,13682.4585,14837.1642,18286.0689
30480,310,13682.4585,14691.3529,16675.4936
30578,311,13682.4585,14688.8054,17124.0682
30676,312,13682.4585,14482.7492,17230.2048
30774,313,13538.8706,14409.9060,16352.1451
30872,314,13538.8706,14396.6671,16425.1294
30970,315,13538.8706,14224.4120,17830.8280
31068,316,13535.4309,14181.6089,16795.5099
31166,317,13535.4309,14251.4791,16268.0050
31264,318,13343.8220,14238.9984,15924.6376
31362,319,13343.8220,14236.8721,16199.5507
31460,320,13343.8220,14123.4226,16635.1720
31558,321,13340.3823,13892.8866,15491.9257
31656,322,13310.3820,13727.1660,15120.8198
31754,323,13310.3820,13584.9510,16153.7236
31852,324,13310.3820,13569.2714,16068.2022
31950,325,13141.0740,13594.9298,16084.6665
32048,326,13141.0740,13649.6936,16188.8669
32146,327,13141.0740,13811.4813,16374.0144
32244,328,13141.0740,13838.0359,15440.7846
32342,329,13141.0740,13912.4563,16465.4744
32440,330,13141.0740,13938.1091,16386.5047
32538,331,13141.0740,14021.1011,16281.5460
32636,332,13141.0740,14082.3475,16598.1178
32734,333,13141.0740,14173.4932,15640.8490
32832,334,13141.0740,14259.7644,16469.9775
32930,335,13141.0740,14123.1932,16200.6510
33028,336,13141.0740,13914.5331,16344.6517
33126,337,13141.0740,13867.3511,16223.9794
33224,338,13141.0740,13830.4035,16373.6416
33322,339,13141.0740,13708.3505,16381.5068
33420,340,13141.0740,13681.2150,16333.5667
33518,341,13141.0740,13821.7555,15930.7494
33616,342,13141.0740,13930.4753,16585.2262
33714,343,13141.0740,13983.8091,16238.4657
33812,344,13141.0740,13979.2715,16220.1912
33910,345,13141.0740,13905.7356,15991.5865
34008,346,13141.0740,13910.3300,15233.8137
34106,347,13141.0740,13782.8306,15615.0220
34204,348,13141.0740,13702.1126,15588.3418
34302,349,13141.0740,13687.7478,15708.3029
34400,350,13141.0740,13507.5686,15747.2387
34498,351,12900.9038,13590.9988,16101.9504
34596,352,12900.9038,13708.0430,15973.7920
34694,353,12900.9038,13917.1086,16062.0782
34792,354,12900.9038,13908.5989,15873.7259
34890,355,12900.9038,13972.2801,15955.1231
34988,356,12900.9038,13970.4860,17006.3474
35086,357,12900.9038,13883.6768,16154.9343
35184,358,12900.9038,13771.0742,15931.8474
35282,359,12900.9038,13924.8069,16910.3118
35380,360,12900.9038,13986.6571,15505.5555
35478,361,12900.9038,14045.5295,16025.6213
35576,362,12895.2899,14142.2464,16621.6741
35674,363,12895.2899,14187.2744,17302.4723
35772,364,12895.2899,14342.3331,16511.4455
35870,365,12895.2899,14374.2600,16904.9486
35968,366,12895.2899,14380.3273,16988.6135
36066,367,12895.2899,14542.0356,17478.8198
36164,368,12895.2899,14771.8277,17232.0088
36262,369,12895.2899,14807.9164,18199.7983
36360,370,12847.1044,14739.0999,17470.8777
36458,371,12847.1044,14710.9276,19666.8209
36556,372,12847.1044,14602.0850,17701.7832
36654,373,12847.1044,14547.4776,17072.0070
36752,374,12847.1044,14242.7008,16287.6409
36850,375,12847.1044,14179.8102,17325.2107
36948,376,12741.3086,13951.2494,17423.2690
37046,377,12741.3086,13852.4436,16717.0561
37144,378,12741.3086,13784.1585,15980.2365
37242,379,12741.3086,13695.5646,15886.7021
37340,380,12703.0891,13591.6878,16093.1025
37438,381,12651.7588,13340.3091,15247.5488
37536,382,12613.5393,13455.8902,15444.7102
37634,383,12597.2933,13372.9530,15632.0107
37732,384,12597.2933,13251.0771,15602.8111
37830,385,12597.2933,13028.8809,14702.6043
37928,386,12507.7435,12903.2976,14736.9335
38026,387,12390.6845,12910.8397,16236.1191
38124,388,12390.6845,12682.4532,14740.6236
38222,389,12390.6845,12694.2761,14141.3584
38320,390,12390.6845,12656.9801,14260.4790
38418,391,12390.6845,12702.6372,14332.2081
38516,392,12390.6845,12625.9261,14790.8514
38614,393,12382.0868,12561.7354,14037.1263
38712,394,12382.0868,12617.0471,13962.0344
38810,395,12382.0868,12542.0960,14059.6259
38908,396,12140.4237,12563.0814,15277.6843
39006,397,12140.4237,12651.1237,15147.5990
39104,398,12140.4237,12654.1925,14345.2927
39202,399,12053.5704,12647.4306,14174.8421
39300,400,12053.5704,12603.2100,14800.7738
39398,401,12053.5704,12454.3825,14544.0670
39496,402,12016.7514,12398.6913,14557.0194
39594,403,12016.7514,12390.8610,14171.0188
39692,404,11998.7271,12399.3196,14160.2675
39790,405,11998.7271,12379.9961,14709.2876
39888,406,11989.6644,12340.6152,13985.9002
39986,407,11989.6644,12344.9071,15548.0054
40084,408,11989.6644,12313.2879,14435.4729
40182,409,11989.6644,12271.5978,13963.7990
40280,410,11853.1749,12319.2330,14021.1145
40378,411,11844.5451,12262.6018,14201.8523
40476,412,11844.5451,12184.5309,14267.9142
40574,413,11844.5451,12319.1060,14782.5279
40672,414,11844.5451,12417.0218,14704.2911
40770,415,11844.5451,12308.5203,13861.9868
40868,416,11844.5451,12300.9833,14238.6558
40966,417,11844.5451,12295.9933,14317.9552
41064,418,11844.5451,12242.2644,13614.9170
41162,419,11844.5451,12116.6315,13825.2468
41260,420,11844.5451,12085.6596,13499.0674
41358,421,11844.5451,12016.5512,13549.7021
41456,422,11844.5451,11963.3060,13389.5843
41554,423,11844.5451,11983.5856,13669.1753
41652,424,11844.5451,12029.8445,13613.8394
41750,425,11844.5451,11973.4387,13411.0804
41848,426,11844.5451,11958.9249,13211.1562
41946,427,11727.6426,12012.0265,13785.1085
42044,428,11727.6426,12004.7165,13708.3711
42142,429,11727.6426,11982.8207,13613.8394
42240,430,11727.6426,12018.2543,14687.9554
42338,431,11727.6426,11987.7025,13653.8322
42436,432,11727.6426,11972.0721,13771.5787
42534,433,11727.6426,11932.8029,13663.5427
42632,434,11603.5961,11841.5987,13312.8108
42730,435,11603.5961,11866.3727,13523.4829
42828,436,11603.5961,11900.3502,13359.1071
42926,437,11603.5961,11802.6028,13461.1366
43024,438,11603.5961,11825.4343,13452.4062
43122,439,11493.2392,11851.4866,14220.3666
43220,440,11493.2392,11814.4728,13497.0890
43318,441,11493.2392,11783.5997,13101.9140
43416,442,11493.2392,11843.5023,14808.5242
43514,443,11493.2392,11856.6311,13880.9892
43612,444,11493.2392,11821.5727,14063.7678
43710,445,11493.2392,12015.1979,14504.9565
43808,446,11493.2392,11774.9986,14213.2075
43906,447,11466.4485,11755.6993,13691.7790
44004,448,11466.4485,11810.9317,13396.4009
44102,449,11466.4485,11644.2335,13644.8970
44200,450,11466.4485,11643.4493,14152.4954
44298,451,11466.4485,11647.9923,13167.0056
44396,452,11466.4485,11627.9139,13381.1520
44494,453,11466.4485,11661.6394,13400.4402
44592,454,11466.4485,11602.5483,13118.8495
44690,455,11466.4485,11616.2441,13129.6873
44788,456,11466.4485,11636.2987,13148.2470
44886,457,11466.4485,11623.3120,13118.8495
44984,458,11466.4485,11571.9467,13343.1438
45082,459,11466.4485,11626.2025,13025.8501
45180,460,11466.4485,11624.2492,13404.5770
45278,461,11466.4485,11634.1568,13759.5771
45376,462,11466.4485,11596.0211,13196.1043
45474,463,11466.4485,11618.6327,12780.8419
45572,464,11466.4485,11589.4203,13129.6873
45670,465,11397.6988,11587.2838,12930.1922
45768,466,11397.6988,11630.9562,13507.5735
45866,467,11397.6988,11616.4603,13261.4555
45964,468,11397.6988,11645.3677,13464.9382
46062,469,11397.6988,11664.2680,13131.2268
46160,470,11290.9816,11690.5216,13918.0967
46258,471,11290.9816,11618.8749,13077.8583
46356,472,11290.9816,11682.8877,13548.7471
46454,473,11253.8930,11652.4128,13603.6595
46552,474,11253.8930,11733.0608,13707.5170
46650,475,11253.8930,11817.4398,14304.8893
46748,476,11253.8930,11772.8234,14378.0869
46846,477,11253.8930,11900.5535,14220.8287
46944,478,11253.8930,11808.6823,14029.0017
47042,479,11253.8930,11833.1470,13781.5694
47140,480,11253.8930,11829.3164,14521.4950
47238,481,11253.8930,11647.2980,13640.6347
47336,482,11253.8930,11473.1241,13788.9737
47434,483,11253.8930,11361.3901,12538.6744
47532,484,11192.7273,11394.4947,13953.6206
47630,485,11192.7273,11407.1642,12767.9773
47728,486,11192.7273,11433.4906,12833.6722
47826,487,11192.7273,11470.4178,13178.9191
47924,488,11192.7273,11411.0705,14162.9867
48022,489,10872.7216,11427.4668,13100.3397
48120,490,10872.7216,11496.3053,13197.7744
48218,491,10818.2043,11384.1681,12557.1713
48316,492,10818.2043,11367.1364,13210.5612
48414,493,10779.6116,11315.0923,13778.3595
48512,494,10779.6116,11300.3609,13752.6861
48610,495,10779.6116,11154.0980,12678.0929
48708,496,10727.0643,11204.4981,13665.6687
48806,497,10727.0643,11073.0487,13905.0572
48904,498,10727.0643,11068.5269,12761.9607
49002,499,10688.4717,11176.0369,12518.7334
49100,500,10688.4717,11247.9782,12968.2445
49198,501,10688.4717,11264.4298,13873.1716
49296,502,10673.0277,11159.1997,13667.0410
49394,503,10673.0277,11001.4335,12698.9090
49492,504,10673.0277,11035.4000,13756.5094
49590,505,10673.0277,11086.4612,13807.1358
49688,506,10673.0277,11068.8192,12956.3239
49786,507,10662.7264,11009.5653,13283.4456
49884,508,10616.9971,10849.9326,12685.0548
49982,509,10616.9971,10858.3711,12435.1989
50080,510,10616.9971,10862.8916,12504.8120
50178,511,10544.8608,10920.6937,14418.6598
50276,512,10544.8608,11004.4176,12706.3814
50374,513,10544.8608,11122.7057,13601.0059
50472,514,10544.8608,11003.3711,12738.6271
50570,515,10544.8608,11037.2383,13353.8265
50668,516,10529.4169,11052.9011,12522.8685
50766,517,10529.4169,11004.5053,12912.8532
50864,518,10529.4169,11068.9786,14014.0239
50962,519,10529.4169,10993.4328,13037.8459
51060,520,10529.4169,11158.8310,13160.1018
51158,521,10529.4169,11252.3913,14057.4287
51256,522,10529.4169,11439.0637,13248.8636
51354,523,10529.4169,11507.8416,14892.0815
51452,524,10529.4169,11478.4387,13944.2337
51550,525,10529.4169,11431.3961,13969.9703
51648,526,10529.4169,11385.6075,14090.8162
51746,527,10529.4169,11459.6123,14899.3139
51844,528,10529.4169,11527.5518,13717.1313
51942,529,10529.4169,11530.8824,14206.7451
52040,530,10529.4169,11447.4660,14146.1638
52138,531,10510.3880,11249.1889,13357.8973
52236,532,10510.3880,11076.6857,14080.2566
52334,533,10510.3880,10809.0432,13762.8127
52432,534,10510.3880,10769.4718,12605.0965
52530,535,10510.3880,10731.3459,12073.3316
52628,536,10510.3880,10691.8284,12597.0440
52726,537,10510.3880,10685.5428,12364.4762
52824,538,10510.3880,10669.8560,12029.4516
52922,539,10510.3880,10721.3529,12561.2140
53020,540,10510.3880,10647.8691,12314.9287
53118,541,10510.3880,10730.2701,12131.5100
53216,542,10510.3880,10746.1888,13165.8588
53314,543,10510.3880,10640.2866,12070.6364
53412,544,10510.3880,10645.5141,12016.6422
53510,545,10505.8445,10692.0765,12155.3113
53608,546,10505.8445,10642.3593,12041.5241
53706,547,10505.8445,10603.7029,12001.0809
53804,548,10505.8445,10678.2140,11919.4336
53902,549,10505.8445,10706.6151,11991.5215
54000,550,10505.8445,10649.4678,11943.1224
54098,551,10415.9494,10712.6369,12853.6925
54196,552,10411.4059,10670.2309,12030.4250
54294,553,10411.4059,10625.4854,12139.9915
54392,554,10361.7033,10650.3688,12239.4349
54490,555,10361.7033,10624.6379,12118.4485
54588,556,10361.7033,10661.6878,13733.6010
54686,557,10361.7033,10645.3740,12448.1184
54784,558,10321.8924,10646.6227,12311.7888
54882,559,10317.5809,10655.0923,13028.5723
54980,560,10300.8562,10656.8586,14117.6864
55078,561,10300.8562,10602.7129,12488.0987
55176,562,10300.8562,10598.5757,13204.7831
55274,563,10158.0687,10566.1982,13543.3686
55372,564,10158.0687,10569.2414,12361.0438
55470,565,10158.0687,10461.4176,12288.3708
55568,566,10113.9463,10397.7868,11451.3695
55666,567,10089.6954,10415.2099,11996.0303
55764,568,10089.6954,10254.7844,11251.0303
55862,569,10089.6954,10331.8495,11626.5290
55960,570,10089.6954,10289.3095,11801.2969
56058,571,10069.5715,10241.8563,11761.9385
56156,572,10069.5715,10309.8163,11619.1925
56254,573,10069.5715,10310.1169,13155.6964
56352,574,10069.5715,10265.4304,11961.4229
56450,575,10069.5715,10312.6242,12039.5757
56548,576,10069.5715,10415.9334,12230.1711
56646,577,10069.5715,10449.1471,11912.0868
56744,578,10069.5715,10546.5313,12268.2596
56842,579,10069.5715,10488.1952,13594.6418
56940,580,10049.8845,10422.3907,12065.5563
57038,581,10049.8845,10417.8306,12697.2259
57136,582,10049.3558,10486.8821,12874.3738
57234,583,10049.3558,10403.9412,12442.4858
57332,584,10049.3558,10419.6716,12698.0075
57430,585,10049.3558,10350.8526,12323.9921
57528,586,10049.3558,10290.2924,11723.7286
57626,587,10049.3558,10214.5840,11900.6915
57724,588,10049.3558,10159.1768,11641.6999
57822,589,10049.3558,10235.0107,12041.4112
57920,590,10049.3558,10248.2717,11736.8948
58018,591,10049.3558,10179.0861,11789.5363
58116,592,10049.3558,10286.4446,11746.2944
58214,593,10049.3558,10304.6127,11919.0720
58312,594,10049.3558,10282.7379,11633.6691
58410,595,10049.3558,10279.6852,11706.0295
58508,596,9937.3356,10300.5955,12949.8771
58606,597,9937.3356,10329.1747,11852.3647
58704,598,9937.3356,10237.7933,12533.4805
58802,599,9937.3356,10302.4293,12077.7094
58900,600,9937.3356,10199.4376,11976.4071
58998,601,9937.3356,10277.4197,11834.1050
59096,602,9937.3356,10363.3452,12803.4866
59194,603,9937.3356,10247.7885,11716.6525
59292,604,9937.3356,10090.2489,11880.2294
59390,605,9937.3356,10056.6721,11357.5630
59488,606,9916.7891,10138.6862,11781.4046
59586,607,9906.4810,10177.6586,11908.1256
59684,608,9906.4810,10149.8597,11455.4592
59782,609,9906.4810,10144.8188,11593.3929
59880,610,9884.0886,10134.2701,11826.5616
59978,611,9884.0886,10154.2838,11744.4338
60076,612,9884.0886,10141.4311,11740.8768
60174,613,9884.0886,10061.8299,11837.9986
60272,614,9884.0886,10096.8483,11722.2665
60370,615,9884.0886,10034.0584,11572.1373
60468,616,9884.0886,10026.0337,12504.9542
60566,617,9884.0886,10044.1663,11587.9052
60664,618,9884.0886,10057.2978,11738.6497
60762,619,9884.0886,10105.8409,11612.9433
60860,620,9884.0886,10062.2023,12562.0013
60958,621,9884.0886,10123.1325,11916.1992
61056,622,9884.0886,10052.0839,11370.3240
61154,623,9884.0886,10077.1867,11751.9652
61252,624,9884.0886,10083.0614,11662.6425
61350,625,9884.0886,10039.5984,11668.5249
61448,626,9884.0886,10078.8288,11610.2576
61546,627,9884.0886,10037.9481,11873.0337
61644,628,9884.0886,10002.9697,11650.7127
61742,629,9884.0886,10075.6389,11737.7215
61840,630,9884.0886,10140.3499,12424.5664
61938,631,9884.0886,10058.5882,11283.0750
62036,632,9884.0886,10081.1878,11552.1949
62134,633,9884.0886,10025.8491,11425.1767
62232,634,9884.0886,10081.6722,11693.9565
62330,635,9884.0886,10082.5330,11338.7374
62428,636,9884.0886,10091.4883,11789.7578
62526,637,9884.0886,10044.5460,11283.1208
62624,638,9884.0886,10046.2982,11577.3914
62722,639,9884.0886,10086.5054,11668.4806
62820,640,9884.0886,10143.2609,13221.6103
62918,641,9884.0886,10037.1703,11970.7627
63016,642,9884.0886,10119.3253,11486.2614
63114,643,9884.0886,10103.7466,11661.1565
63212,644,9876.8206,10068.6055,11722.0501
63310,645,9876.8206,10102.9364,11728.5643
63408,646,9876.8206,10024.0484,11221.5679
63506,647,9876.8206,10073.5033,11462.7760
63604,648,9876.8206,10085.0797,11540.5902
63702,649,9876.8206,10031.3611,11899.0839
63800,650,9876.8206,9994.2641,11823.9187
63898,651,9826.9516,10051.2919,11689.2013
63996,652,9826.9516,10080.1061,11950.4628
64094,653,9826.9516,10234.6567,12826.4283
64192,654,9826.9516,10230.0948,13936.3470
64290,655,9826.9516,10317.3874,12469.3798
64388,656,9826.9516,10373.5056,12238.8367
64486,657,9826.9516,10323.6613,12939.5508
64584,658,9826.9516,10370.5323,12980.2067
64682,659,9801.4536,10228.9972,11821.1899
64780,660,9801.4536,10260.8326,12856.7028
64878,661,9801.4536,10281.9944,13536.3463
64976,662,9801.4536,10114.7871,13369.8714
65074,663,9801.4536,10169.0857,12134.4762
65172,664,9801.4536,10137.5863,12376.1376
65270,665,9769.9097,10165.3523,11758.8672
65368,666,9769.9097,10024.7584,11727.9478
65466,667,9769.9097,10110.0165,12729.6922
65564,668,9769.9097,10111.9410,11769.0050
65662,669,9769.9097,10134.3256,12988.8983
65760,670,9769.9097,10182.4574,13158.6119
65858,671,9769.9097,10167.3964,12125.0961
65956,672,9718.8508,10357.6242,12297.8555
66054,673,9688.0843,10293.9075,12646.5270
66152,674,9688.0843,10277.4310,12777.1314
66250,675,9688.0843,10317.2545,12451.9663
66348,676,9688.0843,10454.4651,12726.0332
66446,677,9688.0843,10331.6939,12600.5755
66544,678,9688.0843,10249.6810,13439.0809
66642,679,9688.0843,10134.2370,11680.3702
66740,680,9688.0843,10169.8717,12730.5779
66838,681,9688.0843,10279.8422,12761.4967
66936,682,9688.0843,10137.7931,11977.6359
67034,683,9688.0843,10296.4377,13008.5299
67132,684,9688.0843,10285.7132,13249.1094
67230,685,9675.2107,10244.1747,12987.0729
67328,686,9675.2107,10221.9362,12485.8306
67426,687,9675.2107,10212.0716,11971.3425
67524,688,9675.2107,10358.3370,12790.9494
67622,689,9675.2107,10379.8295,12541.0147
67720,690,9675.2107,10473.6727,12970.3860
67818,691,9675.2107,10552.0480,13655.6918
67916,692,9675.2107,10227.8631,12895.1816
68014,693,9666.5151,10191.2245,12809.4990
68112,694,9666.5151,10087.5394,13033.4450
68210,695,9666.5151,10103.3035,12010.1986
68308,696,9666.5151,9941.0659,12210.5380
68406,697,9666.5151,9943.2221,11326.2266
68504,698,9666.5151,9925.3978,12122.1866
68602,699,9666.5151,10000.5487,12168.8505
68700,700,9666.5151,9832.0651,11308.5328
68798,701,9666.5151,9766.5824,10746.3533
68896,702,9666.5151,9847.9780,11310.2769
68994,703,9666.5151,9791.4582,11213.4737
69092,704,9666.5151,9824.0676,11366.4817
69190,705,9666.5151,9875.1397,11220.8211
69288,706,9666.5151,9781.7504,11342.7809
69386,707,9666.5151,9810.3591,11045.0869
69484,708,9634.9712,9761.6137,11202.7667
69582,709,9634.9712,9880.4321,11365.6482
69680,710,9634.9712,9943.4684,14170.6941
69778,711,9634.9712,10046.5331,12471.7526
69876,712,9634.9712,10108.0781,12409.2582
69974,713,9634.9712,10104.8176,12276.5494
70072,714,9634.9712,10283.4074,13132.9199
70170,715,9634.9712,10140.0299,12751.8739
70268,716,9634.9712,10260.1488,12962.5493
70366,717,9634.9712,10370.0310,12297.5535
70464,718,9634.9712,10530.4113,12868.4537
70562,719,9634.9712,10598.2072,12848.9899
70660,720,9634.9712,10536.7835,12973.5550
70758,721,9634.9712,10505.3358,12957.2624
70856,722,9634.9712,10360.5965,13503.3035
70954,723,9634.9712,10381.0953,13128.5292
71052,724,9634.9712,10573.7888,13191.8576
71150,725,9634.9712,10696.7880,13301.8816
71248,726,9634.9712,10787.6701,14253.9406
71346,727,9634.9712,10726.0140,13336.9746
71444,728,9634.9712,10825.1259,12490.2267
71542,729,9634.9712,10726.3908,12804.7130
71640,730,9634.9712,10690.8969,12897.2525
71738,731,9634.9712,10646.9476,13052.7676
71836,732,9634.9712,10588.8442,13129.3309
71934,733,9622.4934,10636.2404,12956.9640
72032,734,9622.4934,10766.1873,13435.0033
72130,735,9622.4934,10805.3528,12595.4152
72228,736,9583.2416,10958.7227,13607.4471
72326,737,9575.2351,10797.8298,13088.0511
72424,738,9575.2351,10553.1839,13304.6934
72522,739,9575.2351,10449.7939,12648.6917
72620,740,9575.2351,10260.4171,13319.5273
72718,741,9575.2351,10056.7527,13171.2057
72816,742,9532.1598,9873.3475,11241.9311
72914,743,9532.1598,9919.9166,12705.5524
73012,744,9524.1533,9876.3202,11461.8852
73110,745,9524.1533,9919.5676,11724.8760
73208,746,9524.1533,9963.9587,11725.6587
73306,747,9524.1533,9971.9073,11362.5308
73404,748,9524.1533,10034.3158,12582.2248
73502,749,9524.1533,9918.5330,11628.9257
73600,750,9524.1533,9926.4502,11444.4440
73698,751,9524.1533,10032.0938,12787.0694
73796,752,9524.1533,10090.9871,12256.2692
73894,753,9504.3685,9868.7771,11893.1523
73992,754,9504.3685,9773.8040,11364.4648
74090,755,9504.3685,9654.3048,10965.1884
74188,756,9504.3685,9737.9790,11495.3536
74286,757,9402.2391,9662.7225,11260.8180
74384,758,9402.2391,9693.3839,11130.6996
74482,759,9402.2391,9771.0783,12569.4692
74580,760,9402.2391,9656.6367,11575.2537
74678,761,9402.2391,9637.4482,11774.8682
74776,762,9402.2391,9689.7603,13502.5378
74874,763,9402.2391,9554.9893,11086.1818
74972,764,9355.3018,9662.0875,11046.0009
75070,765,9355.3018,9592.1133,13311.6014
75168,766,9355.3018,9616.4042,11802.0761
75266,767,9355.3018,9721.5269,12129.8901
75364,768,9355.3018,9609.7452,11454.3268
75462,769,9355.3018,9641.8385,11564.5383
75560,770,9355.3018,9713.2658,12434.2945
75658,771,9355.3018,9742.6766,11269.8031
75756,772,9355.3018,9824.1600,12407.1127
75854,773,9355.3018,9706.1368,12273.8653
75952,774,9355.3018,9808.5236,12771.3159
76050,775,9355.3018,9840.1277,11842.0730
76148,776,9355.3018,9973.4067,12595.7007
76246,777,9355.3018,10000.7774,13218.7328
76344,778,9355.3018,10070.1990,12693.4325
76442,779,9355.3018,9908.8520,12453.6029
76540,780,9355.3018,9727.8366,11893.2557
76638,781,9355.3018,9839.5839,12456.6708
76736,782,9355.3018,10093.9707,12429.9702
76834,783,9355.3018,10060.6676,12409.4390
76932,784,9355.3018,10008.7770,12617.9711
77030,785,9355.3018,10053.0894,12466.8125
77128,786,9355.3018,10119.2185,12870.2432
77226,787,9355.3018,9870.5202,11997.3404
77324,788,9355.3018,9948.3145,12724.8314
77422,789,9355.3018,9925.1658,13391.6170
77520,790,9355.3018,9697.3657,11625.3620
77618,791,9355.3018,9718.2683,11067.3444
77716,792,9355.3018,9783.3452,11748.6700
77814,793,9355.3018,9765.0705,12264.9148
77912,794,9355.3018,9680.6650,11416.4139
78010,795,9355.3018,9709.3504,12082.9261
78108,796,9355.3018,9829.7705,12412.0718
78206,797,9355.3018,10062.2710,11575.6706
78304,798,9355.3018,10243.4509,13099.7262
78402,799,9355.3018,10207.7939,13785.5827
78500,800,9355.3018,10004.6079,12082.2743
78598,801,9355.3018,10161.5554,12752.6466
78696,802,9355.3018,10198.9572,12711.9959
78794,803,9355.3018,10274.3152,12984.7367
78892,804,9355.3018,10135.2346,12810.8883
78990,805,9355.3018,10405.4816,12494.9193
79088,806,9355.3018,10395.6650,13427.9289
79186,807,9355.3018,10433.0296,13434.3660
79284,808,9355.3018,10363.3918,12799.7358
79382,809,9355.3018,10297.9341,14157.3475
79480,810,9355.3018,10295.1951,14707.8529
79578,811,9355.3018,10167.4966,12042.3402
79676,812,9355.3018,10131.6003,12727.2273
79774,813,9355.3018,10143.2029,12123.2833
79872,814,9355.3018,10130.0357,12255.1033
79970,815,9355.3018,10028.6669,12286.9236
80068,816,9355.3018,9956.5412,12082.9324
80166,817,9355.3018,10141.6763,12375.6043
80264,818,9355.3018,10157.1001,12787.0700
80362,819,9355.3018,10217.3842,13145.6457
80460,820,9355.3018,9937.3376,12315.1506
80558,821,9355.3018,9869.8529,12185.4276
80656,822,9355.3018,9863.3992,11737.6569
80754,823,9355.3018,9859.1603,12050.6242
80852,824,9355.3018,9982.2998,12645.4231
80950,825,9355.3018,10042.8930,13152.0652
81048,826,9355.3018,10057.9533,12480.5708
81146,827,9355.3018,10040.5993,12293.7827
81244,828,9355.3018,10131.9678,12476.5878
81342,829,9355.3018,10126.3488,13681.6833
81440,830,9347.5911,10002.6177,12003.6686
81538,831,9347.5911,10003.3813,12356.9449
81636,832,9250.2146,9877.4366,12689.5364
81734,833,9250.2146,9903.7374,12113.7433
81832,834,9250.2146,9778.3860,12030.0118
81930,835,9250.2146,9869.1855,11661.3317
82028,836,9203.2773,9692.1751,11378.4938
82126,837,9140.3651,9767.0724,11296.7379
82224,838,9093.4278,9867.5189,12052.7727
82322,839,9093.4278,9757.0346,12306.4606
82420,840,9093.4278,9634.6358,12255.9221
82518,841,9093.4278,9383.5481,12926.0267
82616,842,9093.4278,9240.6601,11016.4286
82714,843,9090.5134,9306.0087,11064.6281
82812,844,9090.5134,9230.6434,10548.2425
82910,845,9090.5134,9196.2324,10639.3296
83008,846,9090.5134,9219.3872,10935.9104
83106,847,9090.5134,9305.0415,10707.4996
83204,848,9090.5134,9218.0848,10379.0307
83302,849,9090.5134,9208.9586,10887.6992
83400,850,9090.5134,9298.0998,11223.1396
83498,851,9090.5134,9275.6523,10809.0872
83596,852,9090.5134,9165.7280,10730.5100
83694,853,9090.5134,9226.5113,10904.1006
83792,854,9090.5134,9352.1522,11522.3978
83890,855,9090.5134,9294.5065,11392.0581
83988,856,9090.5134,9331.4789,12445.8269
84086,857,9090.5134,9348.7544,11529.3242
84184,858,9090.5134,9286.4924,10846.6334
84282,859,9090.5134,9217.4449,10575.8859
84380,860,9090.5134,9321.7436,10867.7421
84478,861,9090.5134,9280.2523,10907.6532
84576,862,9090.5134,9232.5981,10604.6049
84674,863,9063.1154,9249.5992,10898.8477
84772,864,9063.1154,9265.0787,10874.3975
84870,865,9063.1154,9234.1089,10947.1476
84968,866,9063.1154,9159.0636,10655.3105
85066,867,9063.1154,9307.5962,11386.2957
85164,868,9063.1154,9251.9942,11266.2648
85262,869,9063.1154,9223.8220,10577.6118
85360,870,9063.1154,9217.1980,11343.8529
85458,871,9063.1154,9201.7018,10337.1006
85556,872,9063.1154,9231.7586,10800.3834
85654,873,9063.1154,9244.0715,10798.2661
85752,874,9063.1154,9192.2956,10598.5939
85850,875,9063.1154,9152.7527,10327.8951
85948,876,9063.1154,9234.6980,10735.0057
86046,877,9063.1154,9193.5522,11661.4869
86144,878,9063.1154,9239.3465,10559.1268
86242,879,9063.1154,9184.3690,10512.9163
86340,880,9063.1154,9265.5682,10555.3192
86438,881,9063.1154,9243.8836,11018.8673
86536,882,9049.5074,9238.1774,10608.5795
86634,883,9049.5074,9203.1933,10680.7528
86732,884,9038.3218,9272.4982,11412.6037
86830,885,9038.3218,9306.9267,11032.4416
86928,886,9038.3218,9330.6626,11244.6604
87026,887,9038.3218,9294.1658,11097.6907
87124,888,9024.7138,9308.1596,11382.3438
87222,889,9024.7138,9250.4294,11522.5487
87320,890,9024.7138,9181.5998,10614.1895
87418,891,9024.7138,9275.7717,10730.1506
87516,892,9024.7138,9299.1386,11339.2611
87614,893,9004.6864,9230.9154,10870.4903
87712,894,9004.6864,9369.3390,12229.7984
87810,895,9004.6864,9256.5465,11080.5325
87908,896,9004.6864,9224.1003,11944.1731
88006,897,9004.6864,9234.0855,10806.7445
88104,898,9004.6864,9215.4371,12036.4441
88202,899,9004.6864,9225.9161,11169.8007
88300,900,9004.6864,9161.7718,11010.2332
88398,901,9004.6864,9192.8965,10586.9122
88496,902,9004.6864,9205.5694,10816.3534
88594,903,9004.6864,9186.9822,10977.9525
88692,904,9004.6864,9216.6795,10942.8726
88790,905,9004.6864,9117.6289,11341.3865
88888,906,9004.6864,9129.5445,10521.2837
88986,907,9004.6864,9216.8594,10906.2086
89084,908,9004.6864,9239.8101,10626.8852
89182,909,9004.6864,9224.4294,10576.4119
89280,910,9004.6864,9252.4557,10880.5201
89378,911,9004.6864,9222.4137,10536.5660
89476,912,9004.6864,9145.5496,10644.6830
89574,913,9004.6864,9201.1468,10933.1018
89672,914,9004.6864,9158.0248,10849.5643
89770,915,9002.4654,9142.5762,10664.3583
89868,916,9002.4654,9154.0330,10791.3984
89966,917,9002.4654,9231.6466,10651.1976
90064,918,9002.4654,9133.5349,12170.0306
90162,919,9002.4654,9182.4260,10957.4327
90260,920,9002.4654,9204.9128,11035.6852
90358,921,9002.4654,9188.1185,11375.4008
90456,922,9002.4654,9225.4849,10670.7704
90554,923,9002.4654,9151.2383,11055.3579
90652,924,9002.4654,9109.4812,10684.8530
90750,925,9002.4654,9158.6018,10559.6660
90848,926,9002.4654,9131.0995,10500.0088
90946,927,9002.4654,9150.2333,10734.1546
91044,928,9002.4654,9140.2389,10869.9545
91142,929,9002.4654,9156.6421,10665.2387
91240,930,9002.4654,9138.2675,10836.9896
91338,931,9002.4654,9125.8575,10499.4344
91436,932,9002.4654,9146.6527,10548.8729
91534,933,9002.4654,9247.6428,10843.5900
91632,934,9002.4654,9192.9186,11023.6646
91730,935,9002.4654,9241.4322,10562.7138
91828,936,9002.4654,9193.0045,12203.4559
91926,937,9002.4654,9263.2768,10612.1272
92024,938,9002.4654,9220.8248,10823.5649
92122,939,9002.4654,9148.1282,10751.0769
92220,940,9002.4654,9190.6427,10879.8023
92318,941,9002.4654,9170.0356,12270.0113
92416,942,9002.4654,9221.8937,10776.2243
92514,943,9002.4654,9170.9653,10709.5743
92612,944,9002.4654,9162.6886,10734.8680
92710,945,9002.4654,9199.1809,10697.1936
92808,946,8982.3415,9192.7089,10932.2273
92906,947,8982.3415,9117.8607,10744.8209
93004,948,8982.3415,9142.4416,10734.8680
93102,949,8982.3415,9235.8154,10832.8690
93200,950,8982.3415,9268.5498,11013.3402
93298,951,8982.3415,9172.2802,11222.3207
93396,952,8982.3415,9186.5380,10638.9703
93494,953,8982.3415,9172.9149,10534.9070
93592,954,8982.3415,9139.7854,10746.0905
93690,955,8982.3415,9157.2872,10638.3987
93788,956,8982.3415,9146.0154,10943.8442
93886,957,8982.3415,9120.1486,10354.5165
93984,958,8982.3415,9186.5155,11164.8729
94082,959,8982.3415,9104.8523,10537.1687
94180,960,8982.3415,9143.9607,10424.8309
94278,961,8982.3415,9231.3217,10929.6379
94376,962,8982.3415,9175.8872,10952.1127
94474,963,8982.3415,9127.1731,11013.3402
94572,964,8982.3415,9189.0340,10766.1331
94670,965,8982.3415,9187.4187,10714.7441
94768,966,8982.3415,9165.7128,11416.5342
94866,967,8982.3415,9195.8206,10734.7317
94964,968,8982.3415,9178.8785,12030.0353
95062,969,8982.3415,9170.5775,11144.6407
95160,970,8982.3415,9133.2297,10654.4075
95258,971,8982.3415,9183.4795,10644.3019
95356,972,8982.3415,9185.9707,11893.3656
95454,973,8982.3415,9128.4703,10617.2067
95552,974,8982.3415,9159.8516,11120.5390
95650,975,8982.3415,9217.3950,10858.8484
95748,976,8982.3415,9145.1408,10548.0556
95846,977,8982.3415,9151.9969,10502.6156
95944,978,8941.2845,9170.4208,10709.9736
96042,979,8941.2845,9103.7333,10432.9697
96140,980,8941.2845,9188.4736,10348.8075
96238,981,8941.2845,9142.4858,10684.1488
96336,982,8941.2845,9025.9734,10093.7033
96434,983,8941.2845,9109.7258,10629.3332
96532,984,8941.2845,9123.0954,10874.6814
96630,985,8941.2845,9076.9847,10560.8314
96728,986,8941.2845,9128.2722,10693.6747
96826,987,8941.2845,9063.4529,10613.3505
96924,988,8941.2845,9100.7947,11205.7081
97022,989,8941.2845,9179.7472,10463.4664
97120,990,8941.2845,9134.7811,11303.5304
97218,991,8941.2845,9157.2221,11498.6115
97316,992,8941.2845,9133.8539,10569.0964
97414,993,8941.2845,9144.4114,10933.9093
97512,994,8941.2845,9110.8452,11399.7885
97610,995,8941.2845,9064.0953,10633.4076
97708,996,8941.2845,9091.0454,10469.0730
97806,997,8941.2845,9190.6562,10727.9965
97904,998,8941.2845,9065.8209,10581.2811
98002,999,8941.2845,9107.6004,10659.8558
98100,1000,8941.2845,9140.4573,10482.1962
98198,1001,8941.2845,9137.6692,10462.7117
98296,1002,8941.2845,9124.4637,10803.0618
98394,1003,8941.2845,9172.7836,10982.7634
98492,1004,8941.2845,9097.2759,10334.2283
98590,1005,8941.2845,9175.4096,10660.5408
98688,1006,8941.2845,9124.8307,10586.4392
98786,1007,8941.2845,9102.0908,11216.8284
98884,1008,8941.2845,9160.5928,10813.4131
98982,1009,8941.2845,9109.0637,10738.0490
99080,1010,8941.2845,9066.1402,10600.4307
99178,1011,8927.9742,9089.2551,10552.4943
99276,1012,8927.9742,9135.1252,10883.7702
99374,1013,8927.9742,9116.6810,10425.5176
99472,1014,8927.9742,9148.8952,10479.4942
99570,1015,8927.9742,9105.7170,10623.9609
99668,1016,8927.9742,9046.6821,10654.4537
99766,1017,8927.9742,9074.6508,10666.2437
99864,1018,8927.9742,9162.7355,10861.2292
99962,1019,8927.9742,9129.5984,10781.8811
100060,1020,8927.9742,9059.7010,10555.7862
100158,1021,8927.9742,9088.0196,10338.4122
100256,1022,8927.9742,9168.2482,10503.7694
100354,1023,8927.9742,9096.4586,10630.5393
100452,1024,8927.9742,9108.4294,10737.2613
100550,1025,8927.9742,9200.9254,12048.4241
100648,1026,8927.9742,9195.3945,11090.2734
100746,1027,8927.9742,9116.9227,11060.8402
100844,1028,8927.9742,9128.5464,10556.8231
100942,1029,8927.9742,9094.6379,10503.7829
101040,1030,8927.9742,9155.7195,10589.9346
101138,1031,8927.9742,9084.5701,10642.7133
101236,1032,8927.9742,9113.8691,10563.4655
101334,1033,8927.9742,9150.2914,10614.7706
101432,1034,8927.9742,9192.4602,11483.9721
101530,1035,8927.9742,9147.1012,11009.8994
101628,1036,8927.9742,9175.7494,10971.0715
101726,1037,8927.9742,9216.5838,10945.2897
101824,1038,8927.9742,9183.3116,12043.7787
101922,1039,8927.9742,9055.7796,10614.7706
102020,1040,8927.9742,9179.2698,11541.7325
102118,1041,8927.9742,9188.3260,11374.5140
102216,1042,8927.9742,9251.0752,11376.4617
102314,1043,8927.9742,9489.3819,12409.4120
102412,1044,8927.9742,9334.4509,11420.4388
102510,1045,8927.9742,9282.7952,11986.5471
102608,1046,8927.9742,9217.0467,11382.3886
102706,1047,8927.9742,9192.5213,10687.4907
102804,1048,8927.9742,9309.1180,12204.5036
102902,1049,8927.9742,9348.2478,11371.5579
103000,1050,8927.9742,9438.0954,12552.2415
103098,1051,8927.9742,9422.9245,11504.8534
103196,1052,8927.9742,9501.6553,12373.5648
103294,1053,8927.9742,9440.0325,11751.1314
103392,1054,8927.9742,9443.0077,11521.0440
103490,1055,8927.9742,9455.7729,12124.1155
103588,1056,8927.9742,9523.7467,12495.0506
103686,1057,8927.9742,9469.4478,12091.8296
103784,1058,8927.9742,9479.2009,12045.6251
103882,1059,8927.9742,9499.2114,12301.5553
103980,1060,8927.9742,9415.6375,11552.8181
104078,1061,8927.9742,9566.1243,12399.9846
104176,1062,8927.9742,9666.6525,12751.0166
104274,1063,8927.9742,9720.7453,11928.7884
104372,1064,8927.9742,9649.7819,12605.6947
104470,1065,8927.9742,9555.4423,11895.1000
104568,1066,8927.9742,9615.7338,11497.2331
104666,1067,8927.9742,9744.1355,12533.9309
104764,1068,8927.9742,9729.9181,12399.5432
104862,1069,8927.9742,9575.0186,11890.1799
104960,1070,8872.3592,9517.4437,12704.5358
105058,1071,8872.3592,9533.7680,11924.3714
105156,1072,8872.3592,9357.4161,11797.2256
105254,1073,8872.3592,9313.0261,11711.4842
105352,1074,8872.3592,9178.6082,11254.2348
105450,1075,8872.3592,9185.1738,10763.8607
105548,1076,8872.3592,9237.0609,10893.7060
105646,1077,8872.3592,9373.7648,11315.1036
105744,1078,8872.3592,9380.1600,13609.0658
105842,1079,8872.3592,9194.1829,11057.0944
105940,1080,8872.3592,9065.9390,11593.0042
106038,1081,8872.3592,8989.9953,10690.9854
106136,1082,8872.3592,9098.9074,11274.0059
106234,1083,8872.3592,9020.4409,11029.3415
106332,1084,8872.3592,9069.5237,11947.8513
106430,1085,8872.3592,9011.4121,10564.9817
106528,1086,8872.3592,9002.4342,10304.8384
106626,1087,8872.3592,9138.1908,10658.6571
106724,1088,8872.3592,9073.1973,10534.0109
106822,1089,8872.3592,9067.3069,10435.3029
106920,1090,8872.3592,9037.1128,10875.9871
107018,1091,8872.3592,9039.6146,10574.1666
107116,1092,8872.3592,9072.9506,10870.6597
107214,1093,8872.3592,9006.7096,10245.3296
107312,1094,8872.3592,9061.7700,10635.2626
107410,1095,8872.3592,9002.5117,10356.9598
107508,1096,8872.3592,9032.0379,10249.4663
107606,1097,8872.3592,9011.1786,10708.2458
107704,1098,8872.3592,8998.3589,10281.5333
107802,1099,8872.3592,9037.0778,10370.0177
107900,1100,8872.3592,9041.3118,10334.8027
107998,1101,8872.3592,9136.1330,10626.3998
108096,1102,8872.3592,9011.6845,10442.6736
108194,1103,8872.3592,9024.1314,10527.5301
108292,1104,8872.3592,8990.4547,10346.1759
108390,1105,8872.3592,9058.6509,10498.8365
108488,1106,8872.3592,9078.0232,10602.2777
108586,1107,8872.3592,9032.6993,10685.5106
108684,1108,8872.3592,9058.6433,10498.6903
108782,1109,8872.3592,9016.8201,10269.6500
108880,1110,8872.3592,9118.3745,10893.5585
108978,1111,8872.3592,9089.2524,10565.5933
109076,1112,8872.3592,9060.6245,10363.0822
109174,1113,8872.3592,8965.5848,10436.7360
109272,1114,8872.3592,9007.8563,10463.2464
109370,1115,8872.3592,9030.3989,10385.9026
109468,1116,8872.3592,9062.2929,10518.3396
109566,1117,8872.3592,9035.4347,10615.7979
109664,1118,8872.3592,8984.9850,10392.9489
109762,1119,8872.3592,9048.5132,10626.3998
109860,1120,8872.3592,9010.3615,10326.8551
109958,1121,8872.3592,9080.4412,10612.1270
110056,1122,8872.3592,9083.5529,10574.7314
110154,1123,8872.3592,9042.5510,10856.0022
110252,1124,8872.3592,9133.9246,11017.6456
110350,1125,8872.3592,9106.9321,10483.5691
110448,1126,8872.3592,9096.2973,10827.2727
110546,1127,8872.3592,9018.0615,10842.1305
110644,1128,8872.3592,9037.1125,10819.6556
110742,1129,8840.6531,9039.0711,10457.4056
110840,1130,8840.6531,9016.9220,10478.0561
110938,1131,8840.6531,9037.7695,10392.7190
111036,1132,8840.6531,9021.0409,10577.4154
111134,1133,8840.6531,9019.8984,10514.8657
111232,1134,8840.6531,9041.0843,10681.2843
111330,1135,8840.6531,9002.6423,10559.3451
111428,1136,8840.6531,9037.3017,10594.6937
111526,1137,8840.6531,9029.9339,10693.0232
111624,1138,8840.6531,9043.8719,10833.2779
111722,1139,8840.6531,9052.6341,10725.4544
111820,1140,8840.6531,9024.2735,10774.6449
111918,1141,8840.6531,8968.3344,10675.7615
112016,1142,8840.6531,9043.3135,10681.1558
112114,1143,8840.6531,9114.5356,10846.7139
112212,1144,8840.6531,9070.8918,11205.0180
112310,1145,8840.6531,9023.5877,10531.1816
112408,1146,8840.6531,9027.2220,10681.1558
112506,1147,8840.6531,9001.4308,10702.4305
112604,1148,8840.6531,9001.7618,10615.5927
112702,1149,8840.6531,8995.3500,10778.8393
112800,1150,8840.6531,9025.1061,12038.9982
112898,1151,8840.6531,8960.2372,10382.2740
112996,1152,8840.6531,8974.9399,10587.9647
113094,1153,8840.6531,9000.8144,10294.6163
113192,1154,8840.6531,8962.9849,11094.7719
113290,1155,8840.6531,9019.6929,10682.3504
113388,1156,8840.6531,9048.0322,10358.1338
113486,1157,8840.6531,9008.4430,10603.5565
113584,1158,8840.6531,9034.6937,10528.0036
113682,1159,8840.6531,9005.1903,10774.2544
113780,1160,8840.6531,9037.9072,10787.9145
113878,1161,8840.6531,9003.9818,10329.1908
113976,1162,8840.6531,8945.5494,10606.6743
114074,1163,8840.6531,9022.5746,10649.5781
114172,1164,8840.6531,8975.7098,10398.9480
114270,1165,8840.6531,9041.1816,10384.0150
114368,1166,8840.6531,9049.6617,10706.8742
114466,1167,8840.6531,9032.6132,10631.5111
114564,1168,8840.6531,9080.8521,10651.9251
114662,1169,8840.6531,9028.1759,10539.0536
114760,1170,8840.6531,8930.4554,10722.3719
114858,1171,8840.6531,9036.2372,10839.9182
114956,1172,8840.6531,9024.8823,10655.8911
115054,1173,8840.6531,9029.7175,10603.1469
115152,1174,8840.6531,9058.2228,10631.5111
115250,1175,8840.6531,9060.0298,10656.0222
115348,1176,8840.6531,9160.9271,12008.7021
115446,1177,8840.6531,9050.5131,11593.9953
115544,1178,8840.6531,9147.2801,10585.9337
115642,1179,8840.6531,9164.7455,10917.2289
115740,1180,8840.6531,9086.3211,11943.2895
115838,1181,8840.6531,9057.9239,10449.6804
115936,1182,8840.6531,8992.7317,10454.7049
116034,1183,8840.6531,9087.7496,10563.7710
116132,1184,8840.6531,9006.1067,11291.2923
116230,1185,8840.6531,9022.8543,11166.9584
116328,1186,8840.6531,9066.0587,10778.8393
116426,1187,8840.6531,9021.7796,10679.1586
116524,1188,8840.6531,8943.0060,10389.7193
116622,1189,8838.9840,9025.3850,10581.0879
116720,1190,8838.9840,9028.4195,10463.0958
116818,1191,8838.9840,9094.2092,10682.3504
116916,1192,8838.9840,9017.4346,10315.2218
117014,1193,8838.9840,9045.7153,10404.6858
117112,1194,8838.9840,9073.5799,11218.3683
117210,1195,8838.9840,9006.9298,10585.3264
117308,1196,8838.9840,9058.7826,10562.1018
117406,1197,8838.9840,9001.1165,10555.3183
117504,1198,8838.9840,9051.1898,10806.7855
117602,1199,8838.9840,9066.2121,10655.3972
117700,1200,8838.9840,9082.6364,11020.1813
117798,1201,8838.9840,9010.1490,10474.1764
117896,1202,8838.9840,8991.4159,10528.8704
117994,1203,8838.9840,9056.7552,10772.9757
118092,1204,8838.9840,8984.5281,10868.9754
118190,1205,8838.9840,9085.2648,10616.2844
118288,1206,8838.9840,8970.5926,10655.3972
118386,1207,8838.9840,9013.1138,10696.2053
118484,1208,8838.9840,9042.8004,10626.1923
118582,1209,8838.9840,9030.6407,10928.2742
118680,1210,8838.9840,9037.8428,10486.9762
118778,1211,8838.9840,9030.7563,11648.3612
118876,1212,8838.9840,8963.0791,10316.8360
118974,1213,8838.9840,9042.7932,10842.6119
119072,1214,8838.9840,9027.0858,10579.9526
119170,1215,8838.9840,9079.9156,10782.8347
119268,1216,8838.9840,9019.9963,10479.9506
119366,1217,8838.9840,8955.2766,10295.3945
119464,1218,8838.9840,9040.1646,10787.6766
119562,1219,8838.9840,8995.6763,11193.9523
119660,1220,8838.9840,8985.9668,10826.9120
119758,1221,8838.9840,9054.6574,10472.8859
119856,1222,8838.9840,9017.5047,10934.7955
119954,1223,8838.9840,8941.9807,9992.3510
120052,1224,8838.9840,8930.5910,10262.2656
120150,1225,8838.9840,9018.3829,10730.3060
120248,1226,8838.9840,8991.0017,10454.4179
120346,1227,8838.9840,9025.1147,10579.8840
120444,1228,8838.9840,8990.1221,10446.5085
120542,1229,8838.9840,8975.1969,10426.6079
120640,1230,8838.9840,8998.0521,10485.9984
120738,1231,8838.9840,9011.9768,10555.3183
120836,1232,8838.9840,9003.1255,10680.6813
120934,1233,8838.9840,8947.2540,10552.6540
121032,1234,8838.9840,9007.5325,10384.4080
121130,1235,8838.9840,8985.9107,10429.1541
121228,1236,8838.9840,9043.7693,10353.3419
121326,1237,8838.9840,9013.1677,10407.3613
121424,1238,8838.9840,8964.2193,10485.4951
121522,1239,8838.9840,8998.4026,10328.6695
121620,1240,8838.9840,9077.2864,10880.3541
121718,1241,8838.9840,8993.7203,10539.5410
121816,1242,8838.9840,8987.3345,10369.9162
121914,1243,8838.9840,9053.3249,11291.8896
122012,1244,8838.9840,8956.2938,10320.8965
122110,1245,8838.9840,8983.7545,10419.1858
122208,1246,8838.9840,9013.1151,10325.4213
122306,1247,8838.9840,9124.6157,10827.2718
122404,1248,8838.9840,9017.2690,10683.0113
122502,1249,8583.9277,8971.6196,10271.9864
122600,1250,8583.9277,8961.1689,10674.0147
122698,1251,8583.9277,8958.8104,10262.5896
122796,1252,8583.9277,8930.2783,10353.3394
122894,1253,8583.9277,8943.8177,10502.1739
122992,1254,8583.9277,8836.2249,10668.7036
123090,1255,8583.9277,8793.3437,10435.8168
123188,1256,8583.9277,8760.2489,10306.7708
123286,1257,8583.9277,8696.4759,9987.1562
123384,1258,8583.9277,8742.4712,10165.5995
123482,1259,8583.9277,8712.3684,10132.8268
123580,1260,8583.9277,8765.6825,10450.1488
123678,1261,8583.9277,8769.3865,10576.5526
123776,1262,8583.9277,8751.4651,10055.1921
123874,1263,8583.9277,8751.4558,10167.1983
123972,1264,8583.9277,8772.7064,10150.3874
124070,1265,8583.9277,8776.4522,10393.4500
124168,1266,8583.9277,8845.8364,11561.2895
124266,1267,8583.9277,8789.2207,11553.2360
124364,1268,8583.9277,8697.8439,11837.6084
124462,1269,8583.9277,8749.1481,10096.6351
124560,1270,8583.9277,8722.2830,10319.0784
124658,1271,8583.9277,8754.4739,10255.6286
124756,1272,8583.9277,8695.6528,10146.1282
124854,1273,8583.9277,8786.2181,10651.3749
124952,1274,8583.9277,8829.7894,10333.3323
125050,1275,8583.9277,8771.9784,10278.3349
125148,1276,8583.9277,8783.2566,10621.1666
125246,1277,8583.9277,8748.7712,10526.9046
125344,1278,8583.9277,8797.9495,10953.3535
125442,1279,8583.9277,8780.6012,10656.2392
125540,1280,8583.9277,8736.4058,10528.6095
125638,1281,8583.9277,8802.4719,10487.0894
125736,1282,8561.2297,8742.4789,10297.1980
125834,1283,8561.2297,8761.3134,9967.7205
125932,1284,8561.2297,8717.6265,9813.0370
126030,1285,8561.2297,8693.9406,10273.5204
126128,1286,8561.2297,8789.8380,9976.5798
126226,1287,8561.2297,8706.8331,10518.1203
126324,1288,8561.2297,8791.5746,10566.7764
126422,1289,8561.2297,8757.1701,10466.9867
126520,1290,8561.2297,8731.3589,10472.9875
126618,1291,8561.2297,8812.7763,10208.0638
126716,1292,8561.2297,8717.0470,10233.9430
126814,1293,8561.2297,8715.8207,10163.4185
126912,1294,8561.2297,8695.4367,10235.3788
127010,1295,8561.2297,8758.3597,10248.7687
127108,1296,8561.2297,8768.7657,10723.5289
127206,1297,8561.2297,8728.4866,10566.7764
127304,1298,8561.2297,8738.9791,10320.3370
127402,1299,8561.2297,8718.8959,10088.3400
127500,1300,8561.2297,8705.6199,10302.1556
127598,1301,8561.2297,8752.0124,10357.9942
127696,1302,8561.2297,8771.3595,9855.5401
127794,1303,8561.2297,8740.8915,10303.4386
127892,1304,8561.2297,8692.7329,10304.7814
127990,1305,8561.2297,8704.0908,10192.7924
128088,1306,8561.2297,8714.9118,9962.0093
128186,1307,8561.2297,8756.6043,10413.1990
128284,1308,8561.2297,8787.5556,10355.0087
128382,1309,8561.2297,8790.8300,10303.4386
128480,1310,8561.2297,8770.8252,10251.7582
128578,1311,8561.2297,8742.0496,10245.5364
128676,1312,8561.2297,8778.4367,10397.1162
128774,1313,8561.2297,8725.8003,10175.2815
128872,1314,8561.2297,8667.9502,10097.6508
128970,1315,8561.2297,8700.0400,9913.1523
129068,1316,8561.2297,8702.0958,10150.7593
129166,1317,8561.2297,8693.6904,10304.7814
129264,1318,8561.2297,8769.1677,10472.9875
129362,1319,8561.2297,8789.0022,10845.7777
129460,1320,8561.2297,8797.0245,10291.1481
129558,1321,8561.2297,8771.1522,10370.1547
129656,1322,8561.2297,8748.2751,10209.0190
129754,1323,8561.2297,8770.2953,10200.4218
129852,1324,8561.2297,8823.4713,10673.4215
129950,1325,8561.2297,8771.6585,10355.9765
130048,1326,8561.2297,8789.2779,11690.8568
130146,1327,8561.2297,8757.5874,10495.2214
130244,1328,8561.2297,8782.8723,10393.1879
130342,1329,8561.2297,8797.0298,10578.5452
130440,1330,8561.2297,8790.5485,10749.5933
130538,1331,8561.2297,8755.2559,10049.7674
130636,1332,8561.2297,8728.0086,10505.9114
130734,1333,8561.2297,8785.3044,10392.4159
130832,1334,8561.2297,8714.3964,9939.5561
130930,1335,8561.2297,8783.7943,10663.3285
131028,1336,8561.2297,8764.4614,10299.4991
131126,1337,8561.2297,8713.7525,10308.5413
131224,1338,8561.2297,8781.9231,10512.6179
131322,1339,8561.2297,8724.9580,10292.7137
131420,1340,8561.2297,8732.1782,10413.1990
131518,1341,8561.2297,8755.7925,10509.9223
131616,1342,8561.2297,8716.2657,10280.6986
131714,1343,8544.2079,8734.1076,10382.7430
131812,1344,8544.2079,8696.0780,9919.0097
131910,1345,8544.2079,8807.1621,10208.0638
132008,1346,8544.2079,8713.8372,9888.0625
132106,1347,8544.2079,8694.0733,11237.7487
132204,1348,8544.2079,8717.1302,10084.7111
132302,1349,8544.2079,8777.1526,10782.5233
132400,1350,8544.2079,8677.5151,10203.1413
132498,1351,8544.2079,8711.6034,10107.4079
132596,1352,8544.2079,8710.5017,10215.9087
132694,1353,8544.2079,8767.5847,10318.7138
132792,1354,8544.2079,8697.4024,10536.8327
132890,1355,8544.2079,8748.7776,10176.6913
132988,1356,8544.2079,8746.2656,10200.0384
133086,1357,8544.2079,8693.4090,10536.8327
133184,1358,8544.2079,8716.3564,10165.1426
133282,1359,8544.2079,8749.5764,11067.9581
133380,1360,8544.2079,8754.3836,10983.2033
133478,1361,8544.2079,8800.1953,10161.7297
133576,1362,8544.2079,8699.1601,10212.9661
133674,1363,8544.2079,8857.5894,10946.3590
133772,1364,8541.8336,8758.4692,10712.5539
133870,1365,8541.8336,8716.6910,10311.2224
133968,1366,8541.8336,8648.7382,10191.9972
134066,1367,8541.8336,8722.2489,10289.1452
134164,1368,8541.8336,8690.8202,9977.9501
134262,1369,8541.8336,8658.9524,9962.7283
134360,1370,8541.8336,8684.6353,10521.9518
134458,1371,8541.8336,8738.5410,12025.1166
134556,1372,8541.8336,8792.7090,10215.9827
134654,1373,8541.8336,8757.0233,10621.8233
134752,1374,8541.8336,8754.7333,10351.1207
134850,1375,8541.8336,8686.1852,10259.0302
134948,1376,8541.8336,8711.6585,10289.0276
135046,1377,8541.8336,8678.3151,10166.8061
135144,1378,8541.8336,8773.7068,10405.4312
135242,1379,8541.8336,8761.2064,10209.0177
135340,1380,8541.8336,8717.8150,11048.8635
135438,1381,8541.8336,8698.5088,10231.4262
135536,1382,8541.8336,8719.2072,10108.2932
135634,1383,8541.8336,8731.9087,10360.2327
135732,1384,8541.8336,8728.6497,11310.3913
135830,1385,8541.8336,8680.2088,10475.0885
135928,1386,8541.8336,8733.7111,10686.7399
136026,1387,8541.8336,8700.1390,10317.4440
136124,1388,8541.8336,8727.8608,10222.3456
136222,1389,8541.8336,8746.8134,10244.3993
136320,1390,8541.8336,8706.9213,10388.5676
136418,1391,8541.8336,8714.5631,10017.2927
136516,1392,8541.8336,8698.3100,10244.9308
136614,1393,8541.8336,8724.5620,10511.6048
136712,1394,8541.8336,8690.8897,9877.5075
136810,1395,8541.8336,8680.5886,10419.6278
136908,1396,8541.8336,8675.4168,10388.5676
137006,1397,8541.8336,8731.3131,10393.7226
137104,1398,8541.8336,8647.6703,10194.5418
137202,1399,8541.8336,8708.2570,10213.5344
137300,1400,8541.8336,8672.4840,9792.4098
137398,1401,8541.8336,8722.1784,10170.2139
137496,1402,8541.8336,8697.7337,11380.7442
137594,1403,8541.8336,8676.3269,10540.1340
137692,1404,8541.8336,8727.0879,10525.4765
137790,1405,8541.8336,8777.4388,10350.7586
137888,1406,8541.8336,8832.3367,11585.1314
137986,1407,8541.8336,8713.0221,10291.6055
138084,1408,8541.8336,8747.9205,10813.2679
138182,1409,8541.8336,8683.8433,10297.1646
138280,1410,8541.8336,8694.2193,10132.3249
138378,1411,8541.8336,8711.7693,10734.3811
138476,1412,8541.8336,8769.7755,10197.7580
138574,1413,8541.8336,8680.9361,10094.9957
138672,1414,8541.8336,8666.2490,11166.0376
138770,1415,8541.8336,8803.0284,10264.9514
138868,1416,8541.8336,8811.7620,12010.9253
138966,1417,8541.8336,8685.4616,10540.1340
139064,1418,8541.8336,8752.1604,10357.5337
139162,1419,8541.8336,8655.0357,10255.1038
139260,1420,8541.8336,8695.2735,10168.1646
139358,1421,8541.8336,8699.1182,10261.3419
139456,1422,8541.8336,8697.0014,10188.8480
139554,1423,8541.8336,8632.4221,10153.7519
139652,1424,8541.8336,8690.3800,9988.5776
139750,1425,8541.8336,8681.3609,10064.5646
139848,1426,8541.8336,8679.0075,10349.4612
139946,1427,8541.8336,8695.1911,10286.1137
140044,1428,8541.8336,8749.8139,10281.6013
140142,1429,8541.8336,8738.8411,10225.7763
140240,1430,8541.8336,8705.3635,10437.2366
140338,1431,8541.8336,8691.6234,11293.8561
140436,1432,8541.8336,8675.9383,11683.6616
140534,1433,8541.8336,8715.5104,11241.1211
140632,1434,8541.8336,8736.6696,10268.3130
140730,1435,8541.8336,8741.0379,10019.6856
140828,1436,8541.8336,8740.0655,10759.6611
140926,1437,8541.8336,8766.0462,10497.8343
141024,1438,8541.8336,8674.5387,10294.2238
141122,1439,8541.8336,8691.6872,10499.1135
141220,1440,8541.8336,8648.4592,9701.9749
141318,1441,8541.8336,8732.7194,10559.1491
141416,1442,8541.8336,8694.9900,11151.8113
141514,1443,8541.8336,8768.7398,10822.6865
141612,1444,8541.8336,8771.8074,10455.9249
141710,1445,8541.8336,8743.2758,10382.0833
141808,1446,8541.8336,8713.1084,10044.7232
141906,1447,8541.8336,8747.3683,11894.8815
142004,1448,8541.8336,8645.5621,10594.0369
142102,1449,8541.8336,8667.9606,10180.6389
142200,1450,8541.8336,8720.5311,10259.0302
142298,1451,8541.8336,8748.5365,10388.5676
142396,1452,8541.8336,8704.2807,10293.2936
142494,1453,8541.8336,8788.1243,10674.6995
142592,1454,8541.8336,8757.0414,10916.9315
142690,1455,8541.8336,8777.5073,10649.8018
142788,1456,8541.8336,8669.3226,9859.9900
142886,1457,8541.8336,8718.3383,9910.1011
142984,1458,8541.8336,8791.0377,10548.5347
143082,1459,8541.8336,8754.0263,10371.5563
143180,1460,8541.8336,8692.5179,10162.0785
143278,1461,8541.8336,8696.6902,10363.3469
143376,1462,8541.8336,8775.1749,10384.3298
143474,1463,8541.8336,8726.7029,10338.5981
143572,1464,8541.8336,8693.1944,10238.4795
143670,1465,8541.8336,8658.2290,10094.9957
143768,1466,8541.8336,8716.6522,10108.2932
143866,1467,8541.8336,8672.1208,10393.1431
143964,1468,8541.8336,8663.0166,10609.2807
144062,1469,8541.8336,8720.3321,9982.6072
144160,1470,8541.8336,8737.3355,10286.0387
144258,1471,8541.8336,8776.6029,10325.6359
144356,1472,8541.8336,8799.3882,11562.6118
144454,1473,8541.8336,8729.8959,10725.3931
144552,1474,8541.8336,8722.3400,11865.4653
144650,1475,8541.8336,8715.9742,10209.7062
144748,1476,8541.8336,8695.9281,10426.6348
144846,1477,8541.8336,8666.6601,10157.2675
144944,1478,8541.8336,8650.2977,10166.2900
145042,1479,8541.8336,8732.3171,10123.5054
145140,1480,8541.8336,8736.9084,10219.3519
145238,1481,8541.8336,8666.4473,11112.8796
145336,1482,8541.8336,8735.0775,10000.0422
145434,1483,8541.8336,8633.2945,10213.5344
145532,1484,8541.8336,8724.4840,10346.0339
145630,1485,8541.8336,8666.0954,9898.5835
145728,1486,8541.8336,8672.2188,10189.0957
145826,1487,8541.8336,8682.8737,10409.7101
145924,1488,8541.8336,8677.8547,10129.4379
146022,1489,8541.8336,8702.4168,10346.7248
146120,1490,8541.8336,8773.5945,10476.2818
146218,1491,8541.8336,8698.8364,10424.7943
146316,1492,8541.8336,8729.6414,10582.1280
146414,1493,8541.8336,8705.7891,10346.5287
146512,1494,8541.8336,8730.0019,11639.0828
146610,1495,8541.8336,8639.8925,10162.7683
146708,1496,8541.8336,8702.1049,10226.1403
146806,1497,8541.8336,8735.0253,10017.2927
146904,1498,8541.8336,8684.8166,10377.0013
147002,1499,8541.8336,8677.6113,10123.5243
147100,1500,8541.8336,8856.7149,10525.4765
147198,1501,8541.8336,8675.1849,10176.2945
147296,1502,8541.8336,8740.8885,10547.3803
147394,1503,8541.8336,8717.7603,10350.6942
147492,1504,8541.8336,8727.2996,10289.3322
147590,1505,8541.8336,8768.2075,10251.4939
147688,1506,8541.8336,8678.6303,10476.8215
147786,1507,8541.8336,8726.1805,10426.6348
147884,1508,8541.8336,8768.9612,10280.1030
147982,1509,8541.8336,8767.2447,10155.0972
148080,1510,8541.8336,8717.6938,10470.7429
148178,1511,8541.8336,8696.1836,10170.6824
148276,1512,8541.8336,8654.0459,9943.9273
148374,1513,8541.8336,8703.8834,10198.8029
148472,1514,8541.8336,8738.0884,10082.0380
148570,1515,8541.8336,8656.2291,9921.0448
148668,1516,8541.8336,8675.2588,10164.2763
148766,1517,8541.8336,8716.0595,10190.0782
148864,1518,8541.8336,8778.4077,9930.6336
148962,1519,8541.8336,8716.3886,10116.7723
149060,1520,8541.8336,8733.1418,10707.8110
149158,1521,8541.8336,8679.0153,10691.1049
149256,1522,8541.8336,8705.6220,10058.1787
149354,1523,8541.8336,8826.8817,10335.2349
149452,1524,8541.8336,8713.4471,10188.8480
149550,1525,8541.8336,8672.7108,10124.1195
149648,1526,8541.8336,8708.6980,10492.3693
149746,1527,8541.8336,8777.2276,10489.5305
149844,1528,8541.8336,8743.4212,11162.7141
149942,1529,8541.8336,8691.5126,9939.1243
150040,1530,8541.8336,8755.9330,10582.9586
150138,1531,8541.8336,8723.7052,10300.9409
150236,1532,8541.8336,8831.8415,10862.3873
150334,1533,8541.8336,8773.2821,10382.9440
150432,1534,8541.8336,8786.6319,10765.5977
150530,1535,8541.8336,8692.7868,10056.1915
150628,1536,8541.8336,8704.7470,10198.4624
150726,1537,8541.8336,8748.7026,10499.1135
150824,1538,8541.8336,8690.6092,10103.4548
150922,1539,8541.8336,8691.2146,10149.3581
151020,1540,8541.8336,8709.7198,10262.1304
151118,1541,8541.8336,8730.5518,10499.1135
151216,1542,8541.8336,8678.8478,10070.7721
151314,1543,8541.8336,8726.0763,9769.4934
151412,1544,8541.8336,8673.2268,10123.5243
151510,1545,8541.8336,8684.2114,10069.6221
151608,1546,8541.8336,8740.4529,10234.7308
151706,1547,8541.8336,8763.7562,10674.6995
151804,1548,8541.8336,8775.2589,10183.8499
151902,1549,8541.8336,8740.2955,10058.2796
152000,1550,8541.8336,8647.2891,9963.8363
152098,1551,8541.8336,8731.8212,10356.6761
152196,1552,8541.8336,8699.3358,10037.6459
152294,1553,8541.8336,8679.6738,10377.7201
152392,1554,8541.8336,8713.5938,10467.1703
152490,1555,8541.8336,8680.1891,10438.3193
152588,1556,8541.8336,8720.8378,10356.6761
152686,1557,8541.8336,8680.6475,10704.1328
152784,1558,8541.8336,8707.4462,10200.7670
152882,1559,8541.8336,8697.5699,10219.7013
152980,1560,8541.8336,8725.1530,10146.5648
153078,1561,8541.8336,8736.1012,11011.6485
153176,1562,8541.8336,8661.7313,10190.0782
153274,1563,8541.8336,8726.2705,10113.7570
153372,1564,8541.8336,8819.9599,10538.0946
