avaliacoes,iteracao,custo_melhor,custo_atual
101,0,51420.1029,51420.1029
601,500,42423.6710,45894.0254
1101,1000,41396.5159,46288.5657
1601,1500,41396.5159,45925.6238
2101,2000,41396.5159,50284.3917
2601,2500,41396.5159,50560.0693
3101,3000,41396.5159,48794.5975
3601,3500,41396.5159,47414.6851
4101,4000,41396.5159,44282.1778
4601,4500,41396.5159,49172.0217
5101,5000,41396.5159,48997.8822
5601,5500,41396.5159,50109.1095
6101,6000,41396.5159,47945.4554
6601,6500,41396.5159,50114.7325
7101,7000,40713.5785,48726.7401
7601,7500,40713.5785,44548.4486
8101,8000,40713.5785,47857.7529
8601,8500,40713.5785,44172.5551
9101,9000,40256.6910,46523.7407
9601,9500,40256.6910,53394.0280
10101,10000,40256.6910,49098.2648
10601,10500,40256.6910,46874.6016
11101,11000,40256.6910,44305.0511
11601,11500,40256.6910,46193.5498
12101,12000,40256.6910,46484.8193
12601,12500,40256.6910,45450.2650
13101,13000,40256.6910,48164.4531
13601,13500,40256.6910,47752.5028
14101,14000,40256.6910,46952.9553
14601,14500,40256.6910,46801.7059
15101,15000,40256.6910,42332.5756
15601,15500,40256.6910,46419.4684
16101,16000,40256.6910,42744.5670
16601,16500,40256.6910,46166.2388
17101,17000,40256.6910,47084.7780
17601,17500,40256.6910,47818.4710
18101,18000,40256.6910,43428.2387
18601,18500,40256.6910,49430.6827
19101,19000,40256.6910,45879.7398
19601,19500,40256.6910,53820.2434
20101,20000,40256.6910,47116.4459
20601,20500,40256.6910,43608.5795
21101,21000,40256.6910,46332.2618
21601,21500,40256.6910,44184.2489
22101,22000,40256.6910,49712.2748
22601,22500,40256.6910,48689.2253
23101,23000,40256.6910,44614.0809
23601,23500,40256.6910,47626.4903
24101,24000,40256.6910,43326.7187
24601,24500,40256.6910,49277.1825
25101,25000,40256.6910,43012.7758
25601,25500,37888.8312,45563.0576
26101,26000,37888.8312,51935.4611
26601,26500,37888.8312,50866.3743
27101,27000,37888.8312,51267.9637
27601,27500,37888.8312,48500.1674
28101,28000,37888.8312,50566.6175
28601,28500,37888.8312,47157.2895
29101,29000,37888.8312,43651.6512
29601,29500,37888.8312,49335.2622
30101,30000,37888.8312,44414.1579
30601,30500,37888.8312,47856.9710
31101,31000,37888.8312,46278.4838
31601,31500,37888.8312,42901.9549
32101,32000,37888.8312,49478.8903
32601,32500,37888.8312,48340.3507
33101,33000,37888.8312,51111.4656
33601,33500,37888.8312,52724.3433
34101,34000,37888.8312,46355.5609
34601,34500,37888.8312,45576.5307
35101,35000,37888.8312,44749.4812
35601,35500,37888.8312,51724.0866
36101,36000,37888.8312,46633.0279
36601,36500,37888.8312,49356.9925
37101,37000,37888.8312,47689.6360
37601,37500,37888.8312,42099.5480
38101,38000,37888.8312,47952.6371
38601,38500,37888.8312,46287.8763
39101,39000,37888.8312,52155.1542
39601,39500,37888.8312,47485.5873
40101,40000,37888.8312,48482.1098
40601,40500,37888.8312,48690.8721
41101,41000,37888.8312,49134.6778
41601,41500,37888.8312,44140.2203
42101,42000,37888.8312,49066.9775
42601,42500,37888.8312,43888.2124
43101,43000,37888.8312,49279.2197
43601,43500,37888.8312,48432.2262
44101,44000,37888.8312,45603.1763
44601,44500,37888.8312,48556.8464
45101,45000,37888.8312,48865.1396
45601,45500,37888.8312,46586.4662
46101,46000,37888.8312,47432.8365
46601,46500,37888.8312,46828.3907
47101,47000,37888.8312,46626.8096
47601,47500,37888.8312,47892.8352
48101,48000,37888.8312,48423.9779
48601,48500,37888.8312,44085.8886
49101,49000,37888.8312,46905.9534
49601,49500,37888.8312,40636.2352
50101,50000,37888.8312,53454.5971
50601,50500,37888.8312,47694.3086
51101,51000,37888.8312,43645.9752
51601,51500,37888.8312,45812.6537
52101,52000,37888.8312,42579.6598
52601,52500,37888.8312,44833.1979
53101,53000,37888.8312,45751.9714
53601,53500,37888.8312,50707.3429
54101,54000,37888.8312,46851.5884
54601,54500,37888.8312,48900.9797
55101,55000,37888.8312,46475.2999
55601,55500,37888.8312,43590.3469
56101,56000,37888.8312,47369.0731
56601,56500,37888.8312,49337.7843
57101,57000,37888.8312,47355.2028
57601,57500,37888.8312,46573.4752
58101,58000,37888.8312,44868.7047
58601,58500,37888.8312,46713.2040
59101,59000,37888.8312,45810.8474
59601,59500,37888.8312,50027.1462
60101,60000,37888.8312,50245.7389
60601,60500,37888.8312,49085.5527
61101,61000,37888.8312,49489.3238
61601,61500,37888.8312,46853.1506
62101,62000,37888.8312,44865.5486
62601,62500,37888.8312,47473.3271
63101,63000,37888.8312,48325.2193
63601,63500,37888.8312,47377.5231
64101,64000,37888.8312,42793.6543
64601,64500,37888.8312,45973.2944
65101,65000,37888.8312,46213.0393
65601,65500,37888.8312,47979.0532
66101,66000,37888.8312,45805.2244
66601,66500,37888.8312,48536.7048
67101,67000,37888.8312,44124.2717
67601,67500,37888.8312,45268.8560
68101,68000,37888.8312,47621.6899
68601,68500,37888.8312,45152.3835
69101,69000,37888.8312,45689.6470
69601,69500,37888.8312,47831.2052
70101,70000,37888.8312,45439.3186
70601,70500,37888.8312,49703.6695
71101,71000,37888.8312,45513.7020
71601,71500,37888.8312,43159.6181
72101,72000,37888.8312,45692.6015
72601,72500,37888.8312,45432.2099
73101,73000,37888.8312,46941.8204
73601,73500,37888.8312,45716.9254
74101,74000,37888.8312,48189.0443
74601,74500,37888.8312,48532.3847
75101,75000,37888.8312,49624.6479
75601,75500,37888.8312,43227.3828
76101,76000,37888.8312,46492.5625
76601,76500,37888.8312,45513.7382
77101,77000,37888.8312,48019.9815
77601,77500,37888.8312,46259.8214
78101,78000,37888.8312,44549.4243
78601,78500,37888.8312,45553.6470
79101,79000,37888.8312,46293.7197
79601,79500,37888.8312,49280.1047
80101,80000,37888.8312,50240.4873
80601,80500,37888.8312,49363.2739
81101,81000,37888.8312,46189.9872
81601,81500,37888.8312,49348.7895
82101,82000,37888.8312,48370.7390
82601,82500,37888.8312,44698.3215
83101,83000,37888.8312,49486.2007
83601,83500,37888.8312,44794.4056
84101,84000,37888.8312,49836.3874
84601,84500,37888.8312,47196.4335
85101,85000,37888.8312,44700.5433
85601,85500,37888.8312,42311.8767
86101,86000,37888.8312,43866.1672
86601,86500,37888.8312,49082.1915
87101,87000,37888.8312,44863.0985
87601,87500,37888.8312,41930.9848
88101,88000,37888.8312,45999.8482
88601,88500,37888.8312,42707.3652
89101,89000,37888.8312,48370.0304
89601,89500,37888.8312,46748.1105
90101,90000,37888.8312,44947.3522
90601,90500,37888.8312,48087.4250
91101,91000,37888.8312,45131.4183
91601,91500,37888.8312,44724.4343
92101,92000,37888.8312,43836.4186
92601,92500,37888.8312,48443.0713
93101,93000,37888.8312,44417.8331
93601,93500,37888.8312,47018.2296
94101,94000,37888.8312,49615.4722
94601,94500,37888.8312,45954.4590
95101,95000,37888.8312,44075.1310
95601,95500,37888.8312,48297.2825
96101,96000,37888.8312,50236.8546
96601,96500,37888.8312,47599.6434
97101,97000,37888.8312,48360.0137
97601,97500,37888.8312,47835.9010
98101,98000,37888.8312,48587.7831
98601,98500,37888.8312,45129.4269
99101,99000,37888.8312,47033.0155
99601,99500,37888.8312,48670.5191
100101,100000,37888.8312,48185.2650
100601,100500,37888.8312,45405.2500
101101,101000,37888.8312,48723.9232
101601,101500,37888.8312,45733.1118
102101,102000,37888.8312,46191.7840
102601,102500,37888.8312,48296.8456
103101,103000,37888.8312,45861.7495
103601,103500,37888.8312,43368.5933
104101,104000,37888.8312,45578.2646
104601,104500,37888.8312,49018.4921
105101,105000,37888.8312,46616.4315
105601,105500,37888.8312,43505.2756
106101,106000,37888.8312,47628.7826
106601,106500,37888.8312,47213.1110
107101,107000,37888.8312,47965.9700
107601,107500,37888.8312,45495.4571
108101,108000,37888.8312,49327.8224
108601,108500,37888.8312,43767.7718
109101,109000,37888.8312,40521.8142
109601,109500,37888.8312,41846.8898
110101,110000,37888.8312,45337.9030
110601,110500,37888.8312,46902.4462
111101,111000,37888.8312,45928.6240
111601,111500,37888.8312,43191.4112
112101,112000,37888.8312,42960.1475
112601,112500,37888.8312,49277.6559
113101,113000,37888.8312,46262.8234
113601,113500,37888.8312,46488.7788
114101,114000,37888.8312,45394.2718
114601,114500,37888.8312,47427.3409
115101,115000,37888.8312,45185.6621
115601,115500,37888.8312,45682.3043
116101,116000,37888.8312,45864.4968
116601,116500,37888.8312,44055.8616
117101,117000,37888.8312,47444.6866
117601,117500,37888.8312,42535.5572
118101,118000,37888.8312,45412.5902
118601,118500,37888.8312,45240.0842
119101,119000,37888.8312,43288.9926
119601,119500,37888.8312,42525.5735
120101,120000,37888.8312,47808.5009
120601,120500,37888.8312,45601.9026
121101,121000,37888.8312,45817.8383
121601,121500,37888.8312,46298.4344
122101,122000,37888.8312,43372.8412
122601,122500,37888.8312,41071.0176
123101,123000,37888.8312,47978.9472
123601,123500,37888.8312,43385.5097
124101,124000,37888.8312,45217.1318
124601,124500,37888.8312,49626.9108
125101,125000,37888.8312,42637.5903
125601,125500,37888.8312,43777.2188
126101,126000,37401.8149,44905.1572
126601,126500,37401.8149,46631.0302
127101,127000,37401.8149,42937.6047
127601,127500,37401.8149,46139.6285
128101,128000,37401.8149,44831.9538
128601,128500,37401.8149,46618.5890
129101,129000,37401.8149,43312.1067
129601,129500,37401.8149,46603.1372
130101,130000,37401.8149,46093.2112
130601,130500,37401.8149,46907.9236
131101,131000,37401.8149,46409.5391
131601,131500,37401.8149,47216.6169
132101,132000,37401.8149,45177.8775
132601,132500,37401.8149,44328.9545
133101,133000,37401.8149,44501.9217
133601,133500,37401.8149,44944.8748
134101,134000,37401.8149,45497.7009
134601,134500,37401.8149,42205.0489
135101,135000,37401.8149,44049.6941
135601,135500,37401.8149,45368.5431
136101,136000,37401.8149,47827.9746
136601,136500,37401.8149,43536.5889
137101,137000,37401.8149,45103.1592
137601,137500,37401.8149,43982.6038
138101,138000,37401.8149,47447.3296
138601,138500,37401.8149,43332.3616
139101,139000,37401.8149,40130.1619
139601,139500,37401.8149,44389.6960
140101,140000,37401.8149,44790.6406
140601,140500,37401.8149,44165.1120
141101,141000,37401.8149,45764.5519
141601,141500,37401.8149,42336.0339
142101,142000,37401.8149,44095.6850
142601,142500,37401.8149,43012.8458
143101,143000,37401.8149,48237.7709
143601,143500,37401.8149,43904.1972
144101,144000,37358.9260,46175.1014
144601,144500,37358.9260,47064.5935
145101,145000,37358.9260,43613.8381
145601,145500,37358.9260,45329.9358
146101,146000,37358.9260,45416.4879
146601,146500,37358.9260,43659.1384
147101,147000,37358.9260,41406.7301
147601,147500,37358.9260,40158.7349
148101,148000,37358.9260,45205.4862
148601,148500,37358.9260,48342.9337
149101,149000,37358.9260,46430.7054
149601,149500,37358.9260,46351.2470
150101,150000,37358.9260,42268.8589
150601,150500,37358.9260,43718.6083
151101,151000,37358.9260,46330.0061
151601,151500,37358.9260,46577.1978
152101,152000,37358.9260,43204.6584
152601,152500,37358.9260,44004.3541
153101,153000,37358.9260,41403.0631
153601,153500,37358.9260,46377.5285
154101,154000,37358.9260,43319.6368
154601,154500,37358.9260,41639.6975
155101,155000,37358.9260,44516.2436
155601,155500,37358.9260,45374.9883
156101,156000,37358.9260,43510.4935
156601,156500,37358.9260,45187.5898
157101,157000,37358.9260,45916.0221
157601,157500,37358.9260,45516.0097
158101,158000,37358.9260,43808.1312
158601,158500,37358.9260,43568.0970
159101,159000,37358.9260,41481.6979
159601,159500,37358.9260,41535.1117
160101,160000,37358.9260,42879.4362
160601,160500,37358.9260,45765.2672
161101,161000,37358.9260,44187.1806
161601,161500,37358.9260,44691.4855
162101,162000,37358.9260,46370.2529
162601,162500,37358.9260,43093.6947
163101,163000,37358.9260,44779.9941
163601,163500,37358.9260,43772.8748
164101,164000,37358.9260,44279.5888
164601,164500,37358.9260,42273.3411
165101,165000,37358.9260,41416.0359
165601,165500,37358.9260,44689.1385
166101,166000,37358.9260,42734.7923
166601,166500,36471.9555,44695.5428
167101,167000,36471.9555,43228.4751
167601,167500,36471.9555,45027.1851
168101,168000,36471.9555,43959.5232
168601,168500,36471.9555,44886.3349
169101,169000,36471.9555,46633.6519
169601,169500,36471.9555,43175.5460
170101,170000,36471.9555,48520.5941
170601,170500,36471.9555,43660.7735
171101,171000,36471.9555,41987.6790
171601,171500,36471.9555,41432.7430
172101,172000,36471.9555,45942.0368
172601,172500,36471.9555,43918.2142
173101,173000,36471.9555,46193.9308
173601,173500,36471.9555,49287.8726
174101,174000,36471.9555,43294.4507
174601,174500,36471.9555,39858.2103
175101,175000,36471.9555,44530.7478
175601,175500,36471.9555,45408.3519
176101,176000,36471.9555,40198.3395
176601,176500,36471.9555,43538.8248
177101,177000,36471.9555,42118.8037
177601,177500,36471.9555,41189.6450
178101,178000,36471.9555,43509.7335
178601,178500,36471.9555,45971.8970
179101,179000,36471.9555,42432.2365
179601,179500,36471.9555,38784.1995
180101,180000,36471.9555,44309.2095
180601,180500,36471.9555,45355.5800
181101,181000,36471.9555,42474.0814
181601,181500,36471.9555,43623.7510
182101,182000,35895.7707,39864.9168
182601,182500,35895.7707,47233.9705
183101,183000,35895.7707,41512.0723
183601,183500,35895.7707,42810.9369
184101,184000,35895.7707,46116.5284
184601,184500,35895.7707,37680.4471
185101,185000,35895.7707,41749.3425
185601,185500,35895.7707,46524.7590
186101,186000,35895.7707,41795.3027
186601,186500,35895.7707,43591.6983
187101,187000,35895.7707,43979.6027
187601,187500,35895.7707,39014.3768
188101,188000,35895.7707,45170.2534
188601,188500,35895.7707,42331.4654
189101,189000,35895.7707,42518.1619
189601,189500,35895.7707,43062.9661
190101,190000,35895.7707,41530.3876
190601,190500,35895.7707,43552.8497
191101,191000,35895.7707,37413.8529
191601,191500,35895.0076,40582.5392
192101,192000,35895.0076,39784.3535
192601,192500,35895.0076,41880.0860
193101,193000,35895.0076,44435.5262
193601,193500,35895.0076,40910.1068
194101,194000,35895.0076,42787.6715
194601,194500,35895.0076,36616.7603
195101,195000,35895.0076,44954.9817
195601,195500,35895.0076,45553.3484
196101,196000,35895.0076,41343.0000
196601,196500,35895.0076,41424.4251
197101,197000,35895.0076,41524.1679
197601,197500,35895.0076,44564.2935
198101,198000,35895.0076,44823.4589
198601,198500,34358.9495,36702.1343
199101,199000,34358.9495,42752.9258
199601,199500,34358.9495,45407.6324
200101,200000,34358.9495,40261.8739
200601,200500,34358.9495,43634.6375
201101,201000,34358.9495,44026.4680
201601,201500,34358.9495,38898.2017
202101,202000,34358.9495,41110.2529
202601,202500,34358.9495,40106.9019
203101,203000,34358.9495,42721.5592
203601,203500,34358.9495,44283.6368
204101,204000,34358.9495,43370.7583
204601,204500,34358.9495,43649.3416
205101,205000,34358.9495,43277.3030
205601,205500,34358.9495,43230.6351
206101,206000,34358.9495,41446.8363
206601,206500,34358.9495,42534.6664
207101,207000,34358.9495,45203.1482
207601,207500,34358.9495,40701.7729
208101,208000,34358.9495,41853.7520
208601,208500,34358.9495,45170.3873
209101,209000,34358.9495,42239.8902
209601,209500,34358.9495,39155.9612
210101,210000,34358.9495,42706.5463
210601,210500,34358.9495,40157.4296
211101,211000,34358.9495,44711.1157
211601,211500,34358.9495,44932.1225
212101,212000,34358.9495,36938.8559
212601,212500,34358.9495,40078.7784
213101,213000,34358.9495,40815.7979
213601,213500,34358.9495,39512.1854
214101,214000,34358.9495,39758.2139
214601,214500,34358.9495,42911.6813
215101,215000,34358.9495,39761.4233
215601,215500,34358.9495,38720.1653
216101,216000,34358.9495,41853.7285
216601,216500,34358.9495,42802.6122
217101,217000,34358.9495,41556.7970
217601,217500,34358.9495,41335.1788
218101,218000,34358.9495,36910.8946
218601,218500,34358.9495,41186.6193
219101,219000,34358.9495,42574.6277
219601,219500,34358.9495,42571.3084
220101,220000,34358.9495,38038.1576
220601,220500,34358.9495,36708.7334
221101,221000,34358.9495,39090.2992
221601,221500,34358.9495,39824.9653
222101,222000,34358.9495,38048.6556
222601,222500,34358.9495,38445.4597
223101,223000,34358.9495,39569.4703
223601,223500,34358.9495,38824.6759
224101,224000,34358.9495,45239.6590
224601,224500,34358.9495,39088.8930
225101,225000,34358.9495,42280.7384
225601,225500,34358.9495,44213.8659
226101,226000,34358.9495,40888.2302
226601,226500,34358.9495,42788.1187
227101,227000,34358.9495,40647.3994
227601,227500,34358.9495,39779.6839
228101,228000,34358.9495,43012.4617
228601,228500,34358.9495,38768.2435
229101,229000,33884.5851,37038.5539
229601,229500,33884.5851,42821.4457
230101,230000,33884.5851,39868.4587
230601,230500,33884.5851,41169.0145
231101,231000,33884.5851,37990.9667
231601,231500,33884.5851,38591.7595
232101,232000,33884.5851,37104.0241
232601,232500,33884.5851,37721.1784
233101,233000,33884.5851,43211.4707
233601,233500,33884.5851,38729.8546
234101,234000,33024.0918,42960.5719
234601,234500,33024.0918,38707.7859
235101,235000,33024.0918,41322.7067
235601,235500,33024.0918,41828.9346
236101,236000,33024.0918,37510.0126
236601,236500,33024.0918,37556.0033
237101,237000,33024.0918,41765.7817
237601,237500,33024.0918,41406.6297
238101,238000,33024.0918,42543.1068
238601,238500,33024.0918,42173.8567
239101,239000,33024.0918,43484.3845
239601,239500,33024.0918,38574.9831
240101,240000,33024.0918,35944.2170
240601,240500,33024.0918,36556.5592
241101,241000,33024.0918,37635.2545
241601,241500,33024.0918,37817.7676
242101,242000,33024.0918,37749.4234
242601,242500,33024.0918,38783.8442
243101,243000,33024.0918,37872.0030
243601,243500,33024.0918,42792.0535
244101,244000,33024.0918,40931.3830
244601,244500,33024.0918,40275.1802
245101,245000,33024.0918,43184.6828
245601,245500,33024.0918,42507.2349
246101,246000,33024.0918,40333.4626
246601,246500,33024.0918,39316.1836
247101,247000,32904.0201,35421.3580
247601,247500,32904.0201,40488.7257
248101,248000,32904.0201,39363.1856
248601,248500,32904.0201,38086.9462
249101,249000,32904.0201,37785.5591
249601,249500,32904.0201,39150.3483
250101,250000,32904.0201,39812.1330
250601,250500,32904.0201,39761.5514
251101,251000,32904.0201,44176.5447
251601,251500,32904.0201,41966.6054
252101,252000,32904.0201,39261.0279
252601,252500,32904.0201,39788.7433
253101,253000,31663.3654,44009.6777
253601,253500,31663.3654,40655.6051
254101,254000,31663.3654,40797.5707
254601,254500,31663.3654,40389.2853
255101,255000,31663.3654,38237.8758
255601,255500,31663.3654,38599.8792
256101,256000,31663.3654,39276.7945
256601,256500,31663.3654,35607.1253
257101,257000,31663.3654,43776.9474
257601,257500,31663.3654,36037.3051
258101,258000,31663.3654,40516.2014
258601,258500,31663.3654,38705.4716
259101,259000,31663.3654,38591.6958
259601,259500,31663.3654,38708.9766
260101,260000,31663.3654,36437.5324
260601,260500,31663.3654,35141.3597
261101,261000,31663.3654,34880.1145
261601,261500,30990.4996,41385.2595
262101,262000,30990.4996,37568.9704
262601,262500,30990.4996,41522.9531
263101,263000,30990.4996,35030.2643
263601,263500,30990.4996,41088.0276
264101,264000,30990.4996,37230.1970
264601,264500,30990.4996,34778.2216
265101,265000,30990.4996,38390.5342
265601,265500,30990.4996,38274.2412
266101,266000,30990.4996,34269.6168
266601,266500,30990.4996,37253.1954
267101,267000,30990.4996,36849.8171
267601,267500,30990.4996,38844.8350
268101,268000,30990.4996,34767.2665
268601,268500,30990.4996,37894.0985
269101,269000,30990.4996,37383.2145
269601,269500,30990.4996,39841.7849
270101,270000,30990.4996,37197.9831
270601,270500,30990.4996,38030.0317
271101,271000,30990.4996,38673.1271
271601,271500,30990.4996,37396.5082
272101,272000,30990.4996,38490.5282
272601,272500,30990.4996,41350.1001
273101,273000,30990.4996,38408.0228
273601,273500,30990.4996,34369.5045
274101,274000,30990.4996,35772.1996
274601,274500,30990.4996,39741.3030
275101,275000,30990.4996,37133.6393
275601,275500,30990.4996,38130.6537
276101,276000,30990.4996,36002.8638
276601,276500,30990.4996,39424.6168
277101,277000,30990.4996,39272.7277
277601,277500,30990.4996,35967.2010
278101,278000,30990.4996,39764.4847
278601,278500,30990.4996,41779.8819
279101,279000,30990.4996,40090.5366
279601,279500,30990.4996,33647.0873
280101,280000,30990.4996,39528.9904
280601,280500,30990.4996,37055.0300
281101,281000,30990.4996,37497.9443
281601,281500,30990.4996,40607.4783
282101,282000,30990.4996,34956.5030
282601,282500,30990.4996,34505.3645
283101,283000,30990.4996,33395.8295
283601,283500,30990.4996,36685.7056
284101,284000,30990.4996,37765.5955
284601,284500,30990.4996,38687.4454
285101,285000,30990.4996,36448.2617
285601,285500,30990.4996,35707.2411
286101,286000,30990.4996,35394.6288
286601,286500,29658.7820,30523.4585
287101,287000,29658.7820,32137.9454
287601,287500,29658.7820,34003.4907
288101,288000,29658.7820,35698.1825
288601,288500,29658.7820,36971.1455
289101,289000,29658.7820,35622.9759
289601,289500,29549.5731,35198.3567
290101,290000,29549.5731,38799.0216
290601,290500,29549.5731,33530.9764
291101,291000,29549.5731,38254.4152
291601,291500,29549.5731,37317.0657
292101,292000,29549.5731,34059.3568
292601,292500,29549.5731,37672.7907
293101,293000,29549.5731,42631.6416
293601,293500,29549.5731,37090.9593
294101,294000,29549.5731,36703.7125
294601,294500,29549.5731,40576.1240
295101,295000,29549.5731,36237.8413
295601,295500,29549.5731,37103.7714
296101,296000,29549.5731,40188.7534
296601,296500,29549.5731,37570.6553
297101,297000,29549.5731,37957.7206
297601,297500,29549.5731,41082.7408
298101,298000,29549.5731,34242.5186
298601,298500,29549.5731,38521.6062
299101,299000,29549.5731,37150.5090
299601,299500,29549.5731,35512.3723
300101,300000,29549.5731,34316.1013
300601,300500,29549.5731,34008.6505
301101,301000,29549.5731,37017.5244
301601,301500,29549.5731,35676.0253
302101,302000,29549.5731,35835.9169
302601,302500,29549.5731,35406.6620
303101,303000,29549.5731,33511.2366
303601,303500,29549.5731,34932.7945
304101,304000,29549.5731,34548.7086
304601,304500,29549.5731,33811.0350
305101,305000,29549.5731,34473.7883
305601,305500,28944.3858,33973.0106
306101,306000,28944.3858,34172.5641
306601,306500,28944.3858,38628.3660
307101,307000,28944.3858,35184.4866
307601,307500,28944.3858,37077.9817
308101,308000,28944.3858,34539.4987
308601,308500,28840.4974,29241.4573
309101,309000,28630.1989,30110.6352
309601,309500,27581.3200,33966.0681
310101,310000,27581.3200,37809.6178
310601,310500,27581.3200,34822.4751
311101,311000,27581.3200,35920.4672
311601,311500,27581.3200,33754.6930
312101,312000,27581.3200,34781.8115
312601,312500,27581.3200,35730.6200
313101,313000,27581.3200,35041.9594
313601,313500,27581.3200,35284.9363
314101,314000,27581.3200,35509.3325
314601,314500,27581.3200,33220.4263
315101,315000,27581.3200,37987.4979
315601,315500,27581.3200,37610.8334
316101,316000,27581.3200,36501.2696
316601,316500,27581.3200,31480.4756
317101,317000,27581.3200,31452.5859
317601,317500,27581.3200,36470.4872
318101,318000,27581.3200,33397.7898
318601,318500,27581.3200,37046.2876
319101,319000,27581.3200,37186.6511
319601,319500,27581.3200,37978.4543
320101,320000,27581.3200,34789.2680
320601,320500,27581.3200,34813.9789
321101,321000,27581.3200,32283.8734
321601,321500,27581.3200,34169.0636
322101,322000,27579.6192,30917.2785
322601,322500,27579.6192,31948.0578
323101,323000,27579.6192,35576.0764
323601,323500,27579.6192,35093.0939
324101,324000,27579.6192,34021.2855
324601,324500,27579.6192,32533.9746
325101,325000,27579.6192,33503.9976
325601,325500,27579.6192,33414.2434
326101,326000,27579.6192,35062.9490
326601,326500,27579.6192,34454.4371
327101,327000,27579.6192,30286.7011
327601,327500,27579.6192,32233.6440
328101,328000,27579.6192,34496.9541
328601,328500,27579.6192,32770.5674
329101,329000,27579.6192,31970.3935
329601,329500,27579.6192,35234.7532
330101,330000,27579.6192,33535.2711
330601,330500,27579.6192,36144.9052
331101,331000,27579.6192,33521.9301
331601,331500,27579.6192,34821.1021
332101,332000,27259.2440,32476.9241
332601,332500,27259.2440,31983.0678
333101,333000,27259.2440,30886.8656
333601,333500,27259.2440,33774.4789
334101,334000,27259.2440,30738.7945
334601,334500,27259.2440,31764.7650
335101,335000,27259.2440,36202.5170
335601,335500,27259.2440,35729.7969
336101,336000,27259.2440,39001.5721
336601,336500,27259.2440,33436.2443
337101,337000,27259.2440,33287.3888
337601,337500,27259.2440,34593.0735
338101,338000,27259.2440,32018.1119
338601,338500,27259.2440,29411.4685
339101,339000,27259.2440,30130.2401
339601,339500,27259.2440,34139.5879
340101,340000,27259.2440,35452.1177
340601,340500,27259.2440,32813.2564
341101,341000,27259.2440,30901.4283
341601,341500,27259.2440,33106.1850
342101,342000,27259.2440,31786.4020
342601,342500,27259.2440,33078.7948
343101,343000,27259.2440,28346.0850
343601,343500,27259.2440,35539.1897
344101,344000,27259.2440,32880.7370
344601,344500,27259.2440,32160.1283
345101,345000,27259.2440,29799.9562
345601,345500,27259.2440,31138.7201
346101,346000,27259.2440,34774.9260
346601,346500,27259.2440,35621.8589
347101,347000,27259.2440,33887.5707
347601,347500,27259.2440,32179.3712
348101,348000,27259.2440,36962.3447
348601,348500,27259.2440,34261.4913
349101,349000,27259.2440,27924.1777
349601,349500,27259.2440,32590.7929
350101,350000,26666.3863,29023.4113
350601,350500,26666.3863,31144.0125
351101,351000,26666.3863,32475.0998
351601,351500,26666.3863,28513.8091
352101,352000,26666.3863,32651.1193
352601,352500,26666.3863,29565.6008
353101,353000,26666.3863,30561.6912
353601,353500,26666.3863,30337.5463
354101,354000,26666.3863,31778.3047
354601,354500,26666.3863,27607.6316
355101,355000,26666.3863,29673.9678
355601,355500,26666.3863,31458.9808
356101,356000,26666.3863,32204.2886
356601,356500,26666.3863,33726.9461
357101,357000,26666.3863,31878.4299
357601,357500,26666.3863,32286.7808
358101,358000,26666.3863,31687.3046
358601,358500,26666.3863,29321.2224
359101,359000,26666.3863,27843.6689
359601,359500,26666.3863,32897.2025
360101,360000,26666.3863,30352.3538
360601,360500,26666.3863,34725.7472
361101,361000,26666.3863,29093.3137
361601,361500,26666.3863,30058.4425
362101,362000,26666.3863,29912.7153
362601,362500,26666.3863,31555.9747
363101,363000,26666.3863,27985.5184
363601,363500,26666.3863,30848.7993
364101,364000,26666.3863,28498.4490
364601,364500,26666.3863,33628.0189
365101,365000,26666.3863,31964.6784
365601,365500,26666.3863,28120.1818
366101,366000,26666.3863,30593.3509
366601,366500,26666.3863,31283.9798
367101,367000,26666.3863,31450.9577
367601,367500,26666.3863,32030.9956
368101,368000,26666.3863,36275.0815
368601,368500,26666.3863,31194.6855
369101,369000,26666.3863,30645.3624
369601,369500,25595.3751,29506.9340
370101,370000,25595.3751,32325.9993
370601,370500,25595.3751,28524.0450
371101,371000,25326.4024,29575.3701
371601,371500,25326.4024,30967.2456
372101,372000,25326.4024,31396.3979
372601,372500,25326.4024,28825.8191
373101,373000,25326.4024,31306.4378
373601,373500,25326.4024,31101.0593
374101,374000,25326.4024,32189.5830
374601,374500,25326.4024,28129.1579
375101,375000,25326.4024,27736.9152
375601,375500,25326.4024,26670.2483
376101,376000,25326.4024,30394.9382
376601,376500,25326.4024,35321.2717
377101,377000,25326.4024,29798.7145
377601,377500,25326.4024,28403.9213
378101,378000,25326.4024,30716.3890
378601,378500,25326.4024,26252.1089
379101,379000,25326.4024,30245.3544
379601,379500,25326.4024,33204.0380
380101,380000,25326.4024,29827.6067
380601,380500,25326.4024,29418.0994
381101,381000,25326.4024,28632.5008
381601,381500,25326.4024,29521.2985
382101,382000,25326.4024,29553.8254
382601,382500,25326.4024,30286.1556
383101,383000,25326.4024,30478.8045
383601,383500,25326.4024,28206.6045
384101,384000,25326.4024,26281.1353
384601,384500,25326.4024,28730.6848
385101,385000,25326.4024,28362.0491
385601,385500,25326.4024,29200.8581
386101,386000,25326.4024,27026.5055
386601,386500,25326.4024,30550.1272
387101,387000,25326.4024,28565.9211
387601,387500,25326.4024,27987.1116
388101,388000,25326.4024,26979.8673
388601,388500,24845.9196,26009.7445
389101,389000,24845.9196,27750.8860
389601,389500,24845.9196,30951.3943
390101,390000,24845.9196,26839.9737
390601,390500,24845.9196,29164.5450
391101,391000,24845.9196,26240.9982
391601,391500,24845.9196,26927.6685
392101,392000,24845.9196,28720.9263
392601,392500,24845.9196,30400.1250
393101,393000,24845.9196,30275.0555
393601,393500,24845.9196,31560.2692
394101,394000,24845.9196,26825.7216
394601,394500,24298.1889,24426.6491
395101,395000,23234.5799,26518.9801
395601,395500,23234.5799,27255.7830
396101,396000,23234.5799,27641.6505
396601,396500,23234.5799,29493.1586
397101,397000,23234.5799,28409.4653
397601,397500,23234.5799,26864.7535
398101,398000,23234.5799,29607.4186
398601,398500,23234.5799,28877.8734
399101,399000,23234.5799,29929.2879
399601,399500,23234.5799,29928.4132
400101,400000,23234.5799,28413.4740
400601,400500,23234.5799,29116.0232
401101,401000,23234.5799,29645.7470
401601,401500,23234.5799,27686.2453
402101,402000,23234.5799,26946.7190
402601,402500,23234.5799,30874.7556
403101,403000,23234.5799,23791.1543
403601,403500,22812.2927,27118.0551
404101,404000,22812.2927,25805.1606
404601,404500,22812.2927,26938.1827
405101,405000,22812.2927,27709.5087
405601,405500,22812.2927,24679.9045
406101,406000,22812.2927,26982.9391
406601,406500,22812.2927,26634.3544
407101,407000,22812.2927,27814.7701
407601,407500,22812.2927,27406.1572
408101,408000,22812.2927,28338.0770
408601,408500,22812.2927,26253.3922
409101,409000,22812.2927,26773.8942
409601,409500,22812.2927,28743.5666
410101,410000,22812.2927,29122.5629
410601,410500,22812.2927,27874.1409
411101,411000,22812.2927,29137.8059
411601,411500,22812.2927,26707.7237
412101,412000,22812.2927,26448.0130
412601,412500,22812.2927,24069.0781
413101,413000,22812.2927,25276.1146
413601,413500,22812.2927,28205.5918
414101,414000,22812.2927,27674.5809
414601,414500,22812.2927,27026.0125
415101,415000,22812.2927,24936.5939
415601,415500,22812.2927,27809.1448
416101,416000,22812.2927,26445.4412
416601,416500,22812.2927,27937.1523
417101,417000,22812.2927,28832.3385
417601,417500,22812.2927,25481.4378
418101,418000,22812.2927,25084.8951
418601,418500,22812.2927,27864.9089
419101,419000,22812.2927,26977.3931
419601,419500,22812.2927,27101.0803
420101,420000,22812.2927,28358.4742
420601,420500,22812.2927,26381.8160
421101,421000,22812.2927,25670.5663
421601,421500,22812.2927,27737.0420
422101,422000,22812.2927,25148.3226
422601,422500,22812.2927,26674.2254
423101,423000,22812.2927,25227.2205
423601,423500,22772.0547,22963.9775
424101,424000,22195.3471,26266.5772
424601,424500,22195.3471,23140.4122
425101,425000,22083.7100,22262.0881
425601,425500,21673.3219,28014.8946
426101,426000,21673.3219,25977.3604
426601,426500,21673.3219,24045.7621
427101,427000,21673.3219,27545.6062
427601,427500,21673.3219,25239.7807
428101,428000,21673.3219,24236.2242
428601,428500,21673.3219,25462.7456
429101,429000,21673.3219,25279.9229
429601,429500,21673.3219,23617.7314
430101,430000,21673.3219,25487.5185
430601,430500,21673.3219,25084.9769
431101,431000,21673.3219,23852.9494
431601,431500,21673.3219,23516.1865
432101,432000,21673.3219,23435.3925
432601,432500,21673.3219,24500.9936
433101,433000,21673.3219,25262.6926
433601,433500,21673.3219,22787.8742
434101,434000,21673.3219,26179.7940
434601,434500,21673.3219,25757.3887
435101,435000,21673.3219,25292.4978
435601,435500,21673.3219,27168.2815
436101,436000,21673.3219,25508.6489
436601,436500,21673.3219,26671.5893
437101,437000,21673.3219,25384.0168
437601,437500,21673.3219,26238.6131
438101,438000,21673.3219,26935.3347
438601,438500,21673.3219,23724.9669
439101,439000,21673.3219,26176.0633
439601,439500,21673.3219,24481.0830
440101,440000,21673.3219,25317.6817
440601,440500,21673.3219,25303.4438
441101,441000,21673.3219,23307.8463
441601,441500,21673.3219,23922.9235
442101,442000,21673.3219,24797.0557
442601,442500,21673.3219,25668.1860
443101,443000,21673.3219,23517.1372
443601,443500,21152.4858,21344.0419
444101,444000,21152.4858,26691.5469
444601,444500,21152.4858,23935.9365
445101,445000,21152.4858,24381.9594
445601,445500,21152.4858,25501.1803
446101,446000,21152.4858,23878.5849
446601,446500,21152.4858,21153.5234
447101,447000,19630.5731,19630.5731
447601,447500,19630.5731,21890.6389
448101,448000,19630.5731,26692.4200
448601,448500,19630.5731,24942.7845
449101,449000,19630.5731,24833.2166
449601,449500,19630.5731,25848.0449
450101,450000,19630.5731,24008.0972
450601,450500,18493.0082,19241.1594
451101,451000,18475.5659,20812.6070
451601,451500,18475.5659,25156.7902
452101,452000,18475.5659,23842.0239
452601,452500,18475.5659,21680.0054
453101,453000,18475.5659,21260.7214
453601,453500,18475.5659,20529.1224
454101,454000,18475.5659,21746.6267
454601,454500,18475.5659,22639.0123
455101,455000,18475.5659,23366.4315
455601,455500,18475.5659,23993.9246
456101,456000,18475.5659,21351.6016
456601,456500,18475.5659,24972.5544
457101,457000,18475.5659,23877.3683
457601,457500,18475.5659,24687.9005
458101,458000,18475.5659,23818.8789
458601,458500,18475.5659,23687.4765
459101,459000,18475.5659,22428.2456
459601,459500,18475.5659,21408.7599
460101,460000,18475.5659,22384.4675
460601,460500,18475.5659,22049.2742
461101,461000,18475.5659,22174.6127
461601,461500,18475.5659,19827.0312
462101,462000,18475.5659,20478.5464
462601,462500,18475.5659,20764.0627
463101,463000,18475.5659,22667.6103
463601,463500,18475.5659,22924.6401
464101,464000,18475.5659,22128.4221
464601,464500,18475.5659,19888.7050
465101,465000,18475.5659,20844.3640
465601,465500,18475.5659,23494.5792
466101,466000,18475.5659,27083.2413
466601,466500,18475.5659,23701.9562
467101,467000,18475.5659,22380.2673
467601,467500,18475.5659,29687.5381
468101,468000,18475.5659,23682.8324
468601,468500,18475.5659,23432.8101
469101,469000,18475.5659,21688.7266
469601,469500,18475.5659,23165.9855
470101,470000,18475.5659,24534.9083
470601,470500,18475.5659,22948.0178
471101,471000,18475.5659,22399.9649
471601,471500,18475.5659,22539.7321
472101,472000,18475.5659,24452.9746
472601,472500,18475.5659,20196.7011
473101,473000,18475.5659,20049.2070
473601,473500,18475.5659,21283.6524
474101,474000,18475.5659,21399.2770
474601,474500,18475.5659,21744.3519
475101,475000,18475.5659,21633.1259
475601,475500,18475.5659,21073.4864
476101,476000,18475.5659,20965.5679
476601,476500,18475.5659,20969.1190
477101,477000,18475.5659,21045.4648
477601,477500,18475.5659,21724.6305
478101,478000,18475.5659,20748.2443
478601,478500,18475.5659,19644.9678
479101,479000,18475.5659,21782.7411
479601,479500,18475.5659,22885.4742
480101,480000,18475.5659,22741.7446
480601,480500,18475.5659,24030.3023
481101,481000,18475.5659,22802.6404
481601,481500,18475.5659,23375.7868
482101,482000,18475.5659,20607.5804
482601,482500,18475.5659,19642.0315
483101,483000,18475.5659,20991.8236
483601,483500,18475.5659,20488.4646
484101,484000,18475.5659,23864.9916
484601,484500,18475.5659,21781.1496
485101,485000,18475.5659,23891.2826
485601,485500,18475.5659,25290.9702
486101,486000,18475.5659,25802.4927
486601,486500,18475.5659,24442.2822
487101,487000,18475.5659,21177.6559
487601,487500,18475.5659,22226.4092
488101,488000,18475.5659,22624.5953
488601,488500,18475.5659,22083.3671
489101,489000,18475.5659,20513.4163
489601,489500,18475.5659,20205.8636
490101,490000,18475.5659,20579.8367
490601,490500,18475.5659,20845.8806
491101,491000,18475.5659,21518.0397
491601,491500,18475.5659,19879.3609
492101,492000,18475.5659,19556.0825
492601,492500,18290.0727,18398.3658
493101,493000,16965.1143,17337.0036
493601,493500,16476.7341,16717.7284
494101,494000,16363.8007,18845.5353
494601,494500,16363.8007,19527.4203
495101,495000,16363.8007,20647.6971
495601,495500,16363.8007,22031.5907
496101,496000,16363.8007,20711.9948
496601,496500,16363.8007,20890.3583
497101,497000,16363.8007,21353.7349
497601,497500,16363.8007,23185.5047
498101,498000,16363.8007,21829.0773
498601,498500,16363.8007,22090.0711
499101,499000,16363.8007,23099.1453
499601,499500,16363.8007,22600.7621
500101,500000,16363.8007,21026.6618
500601,500500,16363.8007,21542.1501
501101,501000,16363.8007,18655.2110
501601,501500,16363.8007,19334.6009
502101,502000,16363.8007,19166.2450
502601,502500,16363.8007,20262.2043
503101,503000,16363.8007,19519.6036
503601,503500,16363.8007,20090.8866
504101,504000,16363.8007,20255.2245
504601,504500,16363.8007,21363.6336
505101,505000,16363.8007,21098.8095
505601,505500,16363.8007,19351.7138
506101,506000,16363.8007,19001.8817
506601,506500,16363.8007,17884.8125
507101,507000,16363.8007,20571.1772
507601,507500,16363.8007,19488.3431
508101,508000,16363.8007,20076.0635
508601,508500,16363.8007,19831.1777
509101,509000,16363.8007,18676.7926
509601,509500,16363.8007,18436.0681
510101,510000,16363.8007,18800.4914
510601,510500,16363.8007,19667.6801
511101,511000,16363.8007,19442.7667
511601,511500,16363.8007,19875.4142
512101,512000,16363.8007,18155.2114
512601,512500,16363.8007,17431.9493
513101,513000,16286.7888,18176.3295
513601,513500,16286.7888,19347.6617
514101,514000,16286.7888,19169.3371
514601,514500,16286.7888,20281.1516
515101,515000,16286.7888,18348.3457
515601,515500,16286.7888,19732.5944
516101,516000,16286.7888,18988.7774
516601,516500,16286.7888,17635.2850
517101,517000,16286.7888,18269.3130
517601,517500,16286.7888,17500.3656
518101,518000,16286.7888,18476.1188
518601,518500,16286.7888,17536.8470
519101,519000,16286.7888,17985.8095
519601,519500,16286.7888,18863.2361
520101,520000,16286.7888,17990.4426
520601,520500,16286.7888,18755.5179
521101,521000,16286.7888,18603.2875
521601,521500,16286.7888,18083.6482
522101,522000,16286.7888,16902.8477
522601,522500,16286.7888,18490.7162
523101,523000,16286.7888,18551.3927
523601,523500,16286.7888,17705.5636
524101,524000,16286.7888,18308.7917
524601,524500,16286.7888,18915.8101
525101,525000,16286.7888,18554.6490
525601,525500,16286.7888,20904.9544
526101,526000,16286.7888,20318.0358
526601,526500,16286.7888,18600.9758
527101,527000,16286.7888,18918.8951
527601,527500,16286.7888,19131.3501
528101,528000,16286.7888,17659.3848
528601,528500,16286.7888,17148.6584
529101,529000,16286.7888,16560.5591
529601,529500,16061.3703,16967.0290
530101,530000,16061.3703,17759.5586
530601,530500,16061.3703,17345.8984
531101,531000,16061.3703,19881.9169
531601,531500,16061.3703,19081.4004
532101,532000,16061.3703,19283.0855
532601,532500,16061.3703,18594.8638
533101,533000,16061.3703,18612.3451
533601,533500,16061.3703,18797.5751
534101,534000,16061.3703,18053.0920
534601,534500,16061.3703,17861.4379
535101,535000,16050.8040,18007.3679
535601,535500,15776.4315,16076.8398
536101,536000,15776.4315,17384.9306
536601,536500,15776.4315,16379.1759
537101,537000,15776.4315,15848.3602
537601,537500,15319.8330,16322.2456
538101,538000,15319.8330,16070.3818
538601,538500,15213.6679,16711.8049
539101,539000,15213.6679,17482.4521
539601,539500,15213.6679,18199.3168
540101,540000,15213.6679,17046.3809
540601,540500,15213.6679,18451.6769
541101,541000,15213.6679,17564.3659
541601,541500,15213.6679,17127.7292
542101,542000,15213.6679,15811.3599
542601,542500,15167.5414,15296.5614
543101,543000,14245.3304,14984.9891
543601,543500,14245.3304,15600.9823
544101,544000,14245.3304,16847.0875
544601,544500,14245.3304,16951.1948
545101,545000,14245.3304,15723.7609
545601,545500,14245.3304,16914.4796
546101,546000,14245.3304,17493.2399
546601,546500,14245.3304,16060.8984
547101,547000,14245.3304,16712.4416
547601,547500,14245.3304,15195.0720
548101,548000,14245.3304,16532.2336
548601,548500,14245.3304,16839.9900
549101,549000,14245.3304,16624.7889
549601,549500,14245.3304,16082.7544
550101,550000,14245.3304,15341.2476
550601,550500,14245.3304,15981.0399
551101,551000,14245.3304,15320.3858
551601,551500,14245.3304,15231.5104
552101,552000,14245.3304,15989.1105
552601,552500,14245.3304,16250.5520
553101,553000,14245.3304,14946.9813
553601,553500,14245.3304,14912.5442
554101,554000,14245.3304,15659.5332
554601,554500,14245.3304,16253.1496
555101,555000,14245.3304,17105.3991
555601,555500,14245.3304,17572.7082
556101,556000,14245.3304,17733.2123
556601,556500,14245.3304,17853.7897
557101,557000,14245.3304,16825.3660
557601,557500,14245.3304,17170.5592
558101,558000,14245.3304,16706.5485
558601,558500,14245.3304,16188.5866
559101,559000,14245.3304,15443.7624
559601,559500,14245.3304,16558.3419
560101,560000,14245.3304,16756.9777
560601,560500,14245.3304,14755.7922
561101,561000,14121.1535,15503.6836
561601,561500,14121.1535,15850.2728
562101,562000,14121.1535,15720.9526
562601,562500,14121.1535,16331.8662
563101,563000,14121.1535,17115.1051
563601,563500,14121.1535,16007.6733
564101,564000,14121.1535,15741.7552
564601,564500,14121.1535,16564.6467
565101,565000,14121.1535,15856.1891
565601,565500,14121.1535,15729.0307
566101,566000,14121.1535,16985.6430
566601,566500,14121.1535,17095.0261
567101,567000,14121.1535,16117.2328
567601,567500,14121.1535,15254.7238
568101,568000,14121.1535,17154.0005
568601,568500,14121.1535,17870.3991
569101,569000,14121.1535,16962.0130
569601,569500,14121.1535,16798.6248
570101,570000,14121.1535,16251.4688
570601,570500,14121.1535,15081.1225
571101,571000,14121.1535,14367.1134
571601,571500,13996.5666,14844.1668
572101,572000,13320.7583,13373.4936
572601,572500,12566.2463,13053.2372
573101,573000,12566.2463,13289.4990
573601,573500,12566.2463,14308.8632
574101,574000,12566.2463,15506.0274
574601,574500,12566.2463,14927.9229
575101,575000,12566.2463,14458.6636
575601,575500,12566.2463,15219.3166
576101,576000,12566.2463,15507.5944
576601,576500,12566.2463,14973.6626
577101,577000,12566.2463,14447.5854
577601,577500,12566.2463,14751.3122
578101,578000,12566.2463,14450.1709
578601,578500,12566.2463,15827.7618
579101,579000,12566.2463,14510.8159
579601,579500,12566.2463,15211.1376
580101,580000,12566.2463,15769.7206
580601,580500,12566.2463,15871.0435
581101,581000,12566.2463,16842.2711
581601,581500,12566.2463,15768.1868
582101,582000,12566.2463,15909.7543
582601,582500,12566.2463,15865.5767
583101,583000,12566.2463,15641.3289
583601,583500,12566.2463,15477.8164
584101,584000,12566.2463,15080.3512
584601,584500,12566.2463,14682.8840
585101,585000,12566.2463,15029.5340
585601,585500,12566.2463,15348.0736
586101,586000,12566.2463,15338.4324
586601,586500,12566.2463,16013.5431
587101,587000,12566.2463,15712.1614
587601,587500,12566.2463,15248.9884
588101,588000,12566.2463,14607.4484
588601,588500,12566.2463,14322.4598
589101,589000,12566.2463,14139.9025
589601,589500,12566.2463,14734.9626
590101,590000,12566.2463,15006.2173
590601,590500,12566.2463,15223.4645
591101,591000,12566.2463,14941.1418
591601,591500,12566.2463,14434.7028
592101,592000,12566.2463,13780.2271
592601,592500,12566.2463,13099.9811
593101,593000,12566.2463,13542.2115
593601,593500,12566.2463,14105.1965
594101,594000,12566.2463,14269.5833
594601,594500,12566.2463,13184.6590
595101,595000,12566.2463,12720.2308
595601,595500,12566.2463,13056.9128
596101,596000,12393.7881,12883.5930
596601,596500,12379.2954,12813.4304
597101,597000,12325.7036,12975.3258
597601,597500,12325.7036,13610.6648
598101,598000,12325.7036,14720.2050
598601,598500,12325.7036,13996.1541
599101,599000,12325.7036,13802.6362
599601,599500,12325.7036,13390.6269
600101,600000,12325.7036,13785.6621
600601,600500,12325.7036,13736.1215
601101,601000,12325.7036,13722.6934
601601,601500,12325.7036,14378.9291
602101,602000,12325.7036,14271.0735
602601,602500,12325.7036,14348.9700
603101,603000,12325.7036,13606.8391
603601,603500,12325.7036,12983.4154
604101,604000,12325.7036,13193.6767
604601,604500,12325.7036,13536.6428
605101,605000,12325.7036,13168.9477
605601,605500,12325.7036,12638.8999
606101,606000,12303.4526,12737.1973
606601,606500,12303.4526,12700.4553
607101,607000,12303.4526,13064.2437
607601,607500,12303.4526,13058.7852
608101,608000,12303.4526,12724.4107
608601,608500,12303.4526,12713.8337
609101,609000,12303.4526,13358.5901
609601,609500,12303.4526,12528.1443
610101,610000,12303.4526,12394.7472
610601,610500,12303.4526,13439.2568
611101,611000,12303.4526,14278.4972
611601,611500,12303.4526,14238.6580
612101,612000,12303.4526,13923.7071
612601,612500,12303.4526,13403.1695
613101,613000,12303.4526,13777.4657
613601,613500,12303.4526,13873.9648
614101,614000,12303.4526,13767.9012
614601,614500,12303.4526,14703.0143
615101,615000,12303.4526,14588.6722
615601,615500,12303.4526,14047.9039
616101,616000,12303.4526,13320.4334
616601,616500,12303.4526,12902.1168
617101,617000,12303.4526,12525.5033
617601,617500,12303.4526,13015.2541
618101,618000,12303.4526,12670.8763
618601,618500,12303.4526,12537.2552
619101,619000,12260.3741,12348.8695
619601,619500,12114.6302,12175.5243
620101,620000,12114.6302,12417.2752
620601,620500,12114.6302,13089.3132
621101,621000,12114.6302,13144.7946
621601,621500,12114.6302,13253.4432
622101,622000,12114.6302,12606.8883
622601,622500,12114.6302,12511.3674
623101,623000,11542.8193,11542.8193
623601,623500,11542.8193,11911.0471
624101,624000,11542.8193,12500.2092
624601,624500,11542.8193,12230.4166
625101,625000,11542.8193,11984.3619
625601,625500,11542.8193,12686.0759
626101,626000,11542.8193,12863.2118
626601,626500,11542.8193,12685.6853
627101,627000,11542.8193,12751.0535
627601,627500,11542.8193,12460.1151
628101,628000,11542.8193,11875.5788
628601,628500,11542.8193,12154.4645
629101,629000,11542.8193,11843.8567
629601,629500,11280.1976,11491.5602
630101,630000,11280.1976,11718.5635
630601,630500,11280.1976,11911.6351
631101,631000,11280.1976,11655.3577
631601,631500,11280.1976,11627.6971
632101,632000,11280.1976,12144.7537
632601,632500,11280.1976,12421.2502
633101,633000,11280.1976,11494.3811
633601,633500,11182.7825,11182.7825
634101,634000,11081.4033,11635.4247
634601,634500,11081.4033,12080.0705
635101,635000,11081.4033,12719.3641
635601,635500,11081.4033,12441.8051
636101,636000,11081.4033,12379.6474
636601,636500,11081.4033,12149.1504
637101,637000,11081.4033,12217.8858
637601,637500,11081.4033,12124.7266
638101,638000,11081.4033,11735.0432
638601,638500,11081.4033,11447.8060
639101,639000,11081.4033,11544.0935
639601,639500,11081.4033,11486.1056
640101,640000,11081.4033,11207.4346
640601,640500,11023.1109,11113.9757
641101,641000,10939.1809,11018.4336
641601,641500,10939.1809,11419.0681
642101,642000,10939.1809,11033.5118
642601,642500,10930.2619,11683.4440
643101,643000,10930.2619,11312.7823
643601,643500,10930.2619,11577.8746
644101,644000,10930.2619,11940.2409
644601,644500,10930.2619,11501.8874
645101,645000,10930.2619,11587.5787
645601,645500,10930.2619,11377.0016
646101,646000,10930.2619,11602.9358
646601,646500,10930.2619,11880.2473
647101,647000,10930.2619,12434.0299
647601,647500,10930.2619,12603.0584
648101,648000,10930.2619,12024.9774
648601,648500,10930.2619,12449.6683
649101,649000,10930.2619,11966.9364
649601,649500,10930.2619,12281.2828
650101,650000,10930.2619,11557.4672
650601,650500,10930.2619,11698.4077
651101,651000,10930.2619,11228.8042
651601,651500,10930.2619,11368.3189
652101,652000,10930.2619,11242.4606
652601,652500,10507.2227,10514.7693
653101,653000,10465.9332,10787.5262
653601,653500,10465.9332,10960.4046
654101,654000,10465.9332,10845.7096
654601,654500,10465.9332,10661.5631
655101,655000,10465.9332,10807.5610
655601,655500,10465.9332,10699.8065
656101,656000,10465.9332,10879.4159
656601,656500,10465.9332,11142.3392
657101,657000,10465.9332,11851.5885
657601,657500,10465.9332,11329.2370
658101,658000,10465.9332,12055.8382
658601,658500,10465.9332,11878.9450
659101,659000,10465.9332,12378.4966
659601,659500,10465.9332,12616.4337
660101,660000,10465.9332,12262.9974
660601,660500,10465.9332,12250.5979
661101,661000,10465.9332,11846.2910
661601,661500,10465.9332,12271.5372
662101,662000,10465.9332,12555.8023
662601,662500,10465.9332,12528.3654
663101,663000,10465.9332,11739.5330
663601,663500,10465.9332,11193.5704
664101,664000,10465.9332,11256.8891
664601,664500,10465.9332,11297.0634
665101,665000,10465.9332,11389.4888
665601,665500,10465.9332,11899.3167
666101,666000,10465.9332,11814.0149
666601,666500,10465.9332,11879.1886
667101,667000,10465.9332,11814.9226
667601,667500,10465.9332,12032.0202
668101,668000,10465.9332,11800.2101
668601,668500,10465.9332,12131.6760
669101,669000,10465.9332,11384.8047
669601,669500,10465.9332,11452.0498
670101,670000,10465.9332,11423.1078
